id,domain,status,purchase_price,renewal_price,attractiveness,demand,length,registrar,created_at,expires_at,status_verified_at
e3e1d5e3-ecf6-41df-8cdb-b654d79c4456,giddy.holiday,available,9.99,83.99,medium,low,5,name.com,,,
d5fe848b-05f9-4b66-8da6-5e3ff3b91adf,olympics.holiday,available,9.99,,high,low,8,name.com,,,
898f881f-5975-4bed-a0b0-9c9edf0dc5ed,xliv.holiday,available,9.99,83.99,high,low,4,name.com,,,
d51793a9-aef2-4734-a0b4-df603da8b55e,knot.holiday,available,9.99,,high,low,4,name.com,,,
8bf29c82-c6ac-4ef8-9e56-74448cff0a80,usually.holiday,available,9.99,,high,low,7,name.com,,,
8743015c-5b62-4621-89df-8f2398d3e96a,octet.holiday,available,9.99,83.99,high,low,5,name.com,,,
0b90c4e4-ddae-4c13-a786-d0b304acb661,alchemical.holiday,available,9.99,83.99,medium,low,10,name.com,,,
aeceff07-c235-44b1-8ae6-9a66aeaeb1e7,seaside.holiday,premium,118.8,118.8,high,low,7,namesilo,,,
5ef11d17-9083-4909-b974-37ee877d1065,bucket.holiday,available,9.99,,high,low,6,name.com,,,
64f8e82d-6f57-43c0-9b78-e92639784abd,laura.holiday,available,9.99,,high,low,5,name.com,,,
2b693269-e5f2-4220-8d4f-af746934c9a7,need.holiday,available,9.99,,high,low,4,name.com,,,
8199f2ba-0036-4365-b388-104e8d76b29b,amok.holiday,available,9.99,83.99,high,low,4,name.com,,,
cb636c8c-fadf-439b-b1a5-1bb00e8b8c8c,ive.holiday,available,9.99,,medium,low,3,name.com,,,
d93a2a84-070d-49ee-a67a-5c2035c56e42,district.holiday,available,9.99,,high,low,8,name.com,,,
fc8ec5c6-d761-4f11-89a9-f5f085379dc5,implying.holiday,available,9.99,,high,low,8,name.com,,,
739152f8-5d49-43af-9ef9-31887be119c5,newspaper.holiday,available,9.99,,high,low,9,name.com,,,
8b1bfa87-b564-446f-a0e0-f16095b8d326,brow.holiday,available,9.99,,high,low,4,name.com,,,
49a517d1-ad37-4f1a-ad82-aca6f38c05c8,boxers.holiday,available,9.99,,high,low,6,name.com,,,
ab19eb0f-b667-4a93-83a6-27e2982853d6,yearbook.holiday,available,9.99,,high,low,8,name.com,,,
784bc541-9e95-49d8-956e-059dc51a0bee,oregon.holiday,available,9.99,,high,low,6,name.com,,,
5996d50a-1b17-480d-b364-02e665d9587d,jazz.holiday,available,9.99,,high,low,4,name.com,,,
5624547b-94b1-44f9-ac68-b75929be4110,proper.holiday,available,9.99,,high,low,6,name.com,,,
3bbc2ab2-9ae8-432b-bcc7-74723f8cf73a,allies.holiday,available,9.99,,high,low,6,name.com,,,
84b0f912-3e2e-4343-9c57-d99634bc3a00,allotted.holiday,available,9.99,83.99,high,low,8,name.com,,,
1fef3d65-6c1a-4c3c-8578-f388698a77c2,whiskered.holiday,available,9.99,83.99,medium,low,9,name.com,,,08/08/2026 16:15
7afed52a-d920-4172-b88f-9eb0988f3ee1,abo.holiday,available,9.99,83.99,high,low,3,name.com,,,
b8af6462-0ac9-40fc-bf24-64da8084c1b4,city.holiday,premium,242,242,high,medium,4,namesilo,,,
2050f8c1-c820-46df-ad90-87d3074f3d47,principles.holiday,available,9.99,,high,low,10,name.com,,,
15ccad0f-8b9f-4a48-b4d3-55fa80aad60d,support.holiday,available,64.99,64.99,high,medium,7,namesilo,,,08/09/2026 07:15
d48b1099-1459-452e-a6c6-068aed50e17e,hackneyed.holiday,available,9.99,83.99,medium,low,9,name.com,,,08/08/2026 10:56
ee09a337-2985-48eb-8387-22d9d0eab6bd,across.holiday,available,9.99,,high,low,6,name.com,,,
ac6587d3-1e99-497f-9ee1-2d42074470b2,antecedent.holiday,available,9.99,83.99,high,low,10,name.com,,,
330014ea-a280-4717-899e-ac472a595da0,kingdom.holiday,premium,500,,high,low,7,name.com,,,
8aa748e7-df9d-4aa3-81ed-1c2264ac8898,czechoslovakia.holiday,available,9.99,,medium,low,14,name.com,,,
96f3e92e-e503-4e22-8cc8-1d28dd54623b,premiere.holiday,available,9.99,,high,low,8,name.com,,,
c4af4014-a149-4439-a8dc-1c0d3af8feff,andorran.holiday,available,9.99,83.99,high,low,8,name.com,,,
b7b68b22-acc0-4c71-bf98-cb6a0216f2af,archosaur.holiday,available,9.99,83.99,medium,low,9,name.com,,,06/08/2026 15:57
7a01d897-33ca-4135-8381-02f8210e0523,sunburst.holiday,available,9.99,,high,low,8,name.com,,,
d2c9a8f3-b914-44f7-95ee-e4b9753726be,assumed.holiday,available,9.99,83.99,medium,low,7,name.com,,,07/08/2026 07:45
079ed78b-5f66-4a27-939b-f9fb5a8efb54,department.holiday,available,9.99,,high,low,10,name.com,,,
ad0b7f38-3541-4c1a-b499-5e76cdf6c56b,acyclic.holiday,available,9.99,83.99,medium,low,7,name.com,,,
7ee60736-91a1-4843-94c9-429ad93136ca,furious.holiday,available,9.99,83.99,high,low,7,name.com,,,
9e81c900-b71c-470b-8052-17d3aba5b2d3,tortured.holiday,available,9.99,83.99,medium,low,8,name.com,,,
edd7434a-fe18-4bbd-b798-f70e277056ec,creaky.holiday,available,9.99,83.99,medium,low,6,name.com,,,06/08/2026 22:59
58e9dbc6-472b-4358-a0cc-1448f6e06440,meaning.holiday,available,9.99,,high,low,7,name.com,,,
9411cfab-48de-46cf-b0fb-a9fbe0d3f1d2,advocate.holiday,available,9.99,,high,low,8,name.com,,,
94e0c8ea-bb0b-4fc0-a6ae-eddd874f4170,mouthy.holiday,available,9.99,,medium,low,6,name.com,,,
78564d9b-8372-4567-a904-3afd9194d6f3,proud.holiday,available,9.99,,high,low,5,name.com,,,
764b0441-ef17-4694-b88a-978871206021,testing.holiday,available,9.99,,high,low,7,name.com,,,
26a1dd8e-8268-4993-97af-1e6859bd6fce,allophonic.holiday,available,9.99,83.99,medium,low,10,name.com,,,
ae08901d-645e-4a2d-9c5a-4725011d2a69,played.holiday,available,9.99,,high,low,6,name.com,,,
fe23ac32-9cd9-4b39-b781-ff36f6c6deef,zone.holiday,available,9.99,,high,low,4,name.com,,,
976c9557-e54d-4066-b7ef-7b6a4a40672e,bacon.holiday,available,9.99,,high,low,5,name.com,,,
bf02eb92-242d-4fba-b0f4-a773541ec872,normality.holiday,available,9.99,,high,low,9,name.com,,,
33c08295-0a9b-4b9f-bc9c-3854f76c37a7,seattle.holiday,resell,,,high,low,7,GoDaddy Online Services Cayman Islands Ltd.,05/12/2018 21:02,05/12/2026 21:02,
8e6fa04f-895e-4608-98c6-6afce4062e7e,affinity.holiday,available,,,high,low,8,,,,
a055b12c-4a8a-4ee3-bfbc-87d78d222acb,rejected.holiday,available,9.99,,medium,low,8,name.com,,,
e2bc3827-cfd1-4d8f-aa7c-95fe2e7c5081,slip.holiday,available,9.99,,high,low,4,name.com,,,
2e79bfde-beef-45fe-aa95-4b3bc79ce8e8,fingers.holiday,available,9.99,,medium,low,7,name.com,,,
535fdfc8-01ea-4b7e-b936-dd08794fee2e,extraordinary.holiday,available,9.99,,high,low,13,name.com,,,
2b75ab8d-6b55-44ed-bb06-555bf148bdbc,walk.holiday,available,9.99,,high,low,4,name.com,,,
0ad19f09-4046-4026-8f4a-0f9bccc66790,youngest.holiday,available,9.99,,high,low,8,name.com,,,
14c5135d-c29c-4f40-bf08-ce02d26b53ae,nana.holiday,available,9.99,,high,low,4,name.com,,,
f31fe9b5-6fd4-4d8a-be22-57a98072cf9c,adjective.holiday,available,9.99,83.99,high,low,9,name.com,,,
d1013f97-7927-4d74-a787-d9c551f89ce4,runabout.holiday,available,9.99,,high,low,9,name.com,,,
6fc9cf16-47ad-4e0d-a8df-ba6cb96ef5b2,xcl.holiday,available,9.99,83.99,medium,low,3,name.com,,,
9d26b087-afc2-42a0-bed9-73423b99320c,conflicted.holiday,available,9.99,,medium,low,10,name.com,,,
235ac3ed-3ff1-46ff-bf4c-de87e0d8aaae,changes.holiday,available,9.99,,medium,low,7,name.com,,,
81f0cbab-3cff-4397-905b-3352d2d617b7,reasonably.holiday,available,9.99,,high,low,10,name.com,,,
84b556fb-04fb-4ff8-ae5c-0a762cdbef48,construction.holiday,available,9.99,,high,low,12,name.com,,,
11d43856-13cd-45cf-be19-713033b79393,accentual.holiday,available,9.99,83.99,medium,low,9,name.com,,,
b6a4aeb3-c74d-450b-830e-d20c432ef342,injure.holiday,available,9.99,,high,low,6,name.com,,,
1f37d947-82a3-49ee-9126-74e72e2fb050,armada.holiday,available,9.99,,high,low,6,name.com,,,
f6b27211-2104-47bd-8f80-8f0547d5477b,roast.holiday,available,9.99,,high,low,5,name.com,,,
1126a41d-5925-49c4-97d2-9576388539bd,washing.holiday,available,9.99,,high,low,7,name.com,,,
03d9a374-3568-41f4-af6d-c861890fd074,member.holiday,available,9.99,,high,low,6,name.com,,,
74de109c-ca38-45ba-9a12-6b217e0d4f08,pound.holiday,available,9.99,,high,low,5,name.com,,,
a50260b2-bcc3-4cb7-af1e-66a6c9b0ec28,blood.holiday,available,9.99,,high,low,5,name.com,,,
e54fdc75-ea51-4bef-982a-70b6144f2754,inspired.holiday,available,9.99,,high,low,8,name.com,,,
611def7a-dc12-4ddb-b789-04591d18a19a,baghdad.holiday,available,9.99,,medium,low,7,name.com,,,
aea4fbfd-6afb-493d-b714-96c60af24808,nike.holiday,available,,,high,low,4,,,,
30c0f133-816a-46d1-9c17-89974c4f95d9,streetcleaner.holiday,available,9.99,,low,low,14,name.com,,,
ebec94a8-d7f1-4d11-a3c0-6c99d5594cf5,taxation.holiday,available,9.99,,high,low,8,name.com,,,
1cd45eac-5b9c-4b65-9b77-32b8b4f5d9a8,agonising.holiday,available,9.99,83.99,medium,low,9,name.com,,,
c945d775-2c0c-41dc-8f19-7573451290d5,recondite.holiday,available,9.99,83.99,medium,low,9,name.com,,,
f0e24b9a-40c6-4368-b1e5-5d39fb63ff56,pitfall.holiday,available,9.99,,high,low,7,name.com,,,
14d85c5d-040e-4645-9bc2-5f8b5bea4328,income.holiday,available,9.99,,high,low,6,name.com,,,
d03c29ee-c31d-4595-bce9-032397a7a87a,agog.holiday,available,9.99,83.99,high,low,4,name.com,,,
34c20d4d-e9f8-4b62-8f5b-ef3ac10a83a4,hanukah.holiday,available,9.99,,high,low,7,name.com,,,
c3ffdbe8-4696-429e-82b8-25a1ba249d18,strawberry.holiday,available,9.99,,high,low,10,name.com,,,
bf34516b-ebc6-4d8c-bd84-1f507a102378,headteacher.holiday,available,9.99,,high,low,12,name.com,,,
eafb9f69-548f-4e6f-b99d-dc215b854401,wig.holiday,available,9.99,,high,low,3,name.com,,,
00e0eeb5-0356-4726-aab6-a253ab05de82,regret.holiday,available,9.99,,high,low,6,name.com,,,
17c2a24e-366a-4a0a-ae43-160ca2af7499,triad.holiday,available,9.99,83.99,high,low,5,name.com,,,
770de646-66a9-46cf-95da-7e401c6f92e1,complement.holiday,available,9.99,,high,low,10,name.com,,,
ce4d993c-b32c-4c14-8b26-12c605b8523b,nineteenth.holiday,available,9.99,83.99,high,low,10,name.com,,,
18ac4408-f303-4a94-8816-43e3a111c6a8,yuck.holiday,available,9.99,,high,low,4,name.com,,,
9129329f-1b92-4359-b9aa-8011ffd4bd1b,knowing.holiday,available,9.99,,high,low,7,name.com,,,
9d96d59c-23dc-4436-966c-f963f99b501a,tahoe.holiday,available,9.99,,high,low,5,name.com,,,
0a9e246d-d69a-4f50-9235-89a959ea78bf,wastebasket.holiday,available,9.99,,high,low,11,name.com,,,
a5c0b3a1-4a6c-4a3c-ad86-87a7d175b8c5,hug.holiday,available,9.99,,high,low,3,name.com,,,
025a9f3e-3cd7-4ee6-968a-d6214e26c3ba,mosque.holiday,available,9.99,,high,low,6,name.com,,,
d5518111-ada9-4d81-9c2a-44b219a58afe,national.holiday,premium,500,,high,medium,8,name.com,,,
ba4bb7b0-8aad-4952-bddf-e57c5ee59c33,yourselves.holiday,available,9.99,,medium,low,10,name.com,,,
04f669b8-b0be-4805-bd85-cb182e7dada7,husband.holiday,available,9.99,,high,low,7,name.com,,,
48d0a7ee-9861-4bdd-805c-f1d049ed9ec3,congestion.holiday,available,9.99,,high,low,10,name.com,,,
d0bfcf3a-40d6-4191-9e19-59da84d6b746,ascension.holiday,available,9.99,83.99,high,low,9,name.com,,,07/08/2026 00:30
6abe29ed-f0b0-4e21-8c99-2cc4093eaafd,affluence.holiday,available,9.99,,high,low,9,name.com,,,
6b3aef43-444f-43b5-b7e4-60b0216d05d1,undesirable.holiday,available,9.99,,high,low,11,name.com,,,
ac8ff961-2464-4771-bb12-6b00546173c3,palm.holiday,available,9.99,,high,low,4,name.com,,,
045ce907-7cb4-480e-82a7-bf524ef24e70,notions.holiday,available,9.99,,medium,low,7,name.com,,,
05cc4015-4bcb-479d-9942-74aa73acaf5a,fran.holiday,available,9.99,,high,low,4,name.com,,,
106d1ee5-e8ba-48db-8beb-2e84dc97fbf5,keeping.holiday,available,9.99,,high,low,7,name.com,,,
dee38149-7d2c-43da-a5fb-630948d55677,streetfighter.holiday,available,9.99,,medium,low,14,name.com,,,
e85a51b0-4ffa-4aa6-ac68-c2d8ef20c690,courses.holiday,available,9.99,,high,low,7,name.com,,,
e336817b-a046-4e90-969e-ee02ee869eae,bucolic.holiday,available,9.99,83.99,high,low,7,name.com,,,06/08/2026 14:14
703deaf9-bcf8-4211-8898-fc6f434422ac,loopy.holiday,available,9.99,83.99,medium,low,5,name.com,,,06/08/2026 21:22
315d7c09-c841-43d8-af22-1caa600f0f8b,rhiannon.holiday,available,9.99,,high,low,8,name.com,,,
4d45267a-7c77-4830-a23d-248448f41aaa,scratched.holiday,available,9.99,,medium,low,9,name.com,,,
667adaa6-52a8-4637-bf5b-8cddb3e17164,picked.holiday,available,9.99,,high,low,6,name.com,,,
259a70b0-b391-46a8-89d7-909b4a0b5c9f,league.holiday,available,9.99,,high,low,6,name.com,,,
5f978997-0c2b-4da8-a9bf-cc13d8182eaa,showed.holiday,available,9.99,,medium,low,6,name.com,,,
76d5a91b-74e0-4b36-89a8-87e92c4fb700,again.holiday,available,9.99,,high,low,5,name.com,,,
7f7dcece-0d15-4992-82e4-cc4822b15068,prior.holiday,available,9.99,,high,low,5,name.com,,,
648297fa-58a1-4644-b2ef-a5f28683b323,folder.holiday,available,9.99,,high,low,6,name.com,,,
b9f61028-a5eb-413c-b003-9ffe3c574f11,tel.holiday,premium,500,,high,low,3,name.com,,,
26be13a5-110e-4311-bbc5-ab42ad12c2b6,mac.holiday,available,,,high,low,3,,,,
ec83e859-af1b-40ca-86e4-319f642390a6,sight.holiday,available,9.99,,high,low,5,name.com,,,
de2616fe-855f-4708-82ff-9a38f486a939,somesing.holiday,available,9.99,,medium,low,8,name.com,,,
7a06c77a-ed4e-4f9d-8cca-a4988145e3ed,scummy.holiday,available,9.99,83.99,medium,low,6,name.com,,,
9753e704-ba41-4165-aac5-6319ad37b761,disagree.holiday,available,9.99,,high,low,8,name.com,,,
8c12dff2-e894-43b3-ab92-8b001740b9c1,trauma.holiday,available,9.99,,high,low,6,name.com,,,
8f0bd869-5619-4e82-9a0c-419cecc57653,afghani.holiday,available,9.99,83.99,high,low,7,name.com,,,
0c86035f-0cb1-48de-9186-1c151c4aacbe,expect.holiday,available,9.99,,high,low,6,name.com,,,
38af2389-42a9-45ba-b2a3-48aeb004fe41,impression.holiday,available,9.99,,high,low,10,name.com,,,
f9a597f2-34be-40ae-9cde-e0c714626f2c,waken.holiday,available,9.99,83.99,high,low,5,name.com,,,08/08/2026 00:08
0ff7c38f-a775-420c-b616-a167860be90f,retiring.holiday,available,9.99,,high,low,8,name.com,,,
3597103f-ac42-40c1-9698-1a293b83b649,squat.holiday,available,9.99,,high,low,5,name.com,,,
5efc9377-142d-420d-970e-87fbb7a99524,timely.holiday,available,9.99,83.99,high,low,6,name.com,,,06/08/2026 10:08
056e497c-e61c-4f25-bdbc-c4bcc8dbe39a,election.holiday,available,9.99,,high,low,8,name.com,,,
4fbc9dd0-8c3e-4b4b-900a-990115086918,let.holiday,premium,500,,high,low,3,name.com,,,
fe57d7e1-d9be-48e6-88a7-e31501f1d3d5,midget.holiday,available,9.99,83.99,high,low,6,name.com,,,08/08/2026 14:19
9cb09594-8e40-4099-a29b-4fe608221692,avaricious.holiday,available,9.99,83.99,medium,low,10,name.com,,,07/08/2026 21:48
82dd9a88-9970-409c-925f-1942886ebf71,memorize.holiday,available,9.99,,high,low,8,name.com,,,
e3971bc8-3b40-4be3-8e13-791555efaf2f,inspirational.holiday,available,9.99,,high,low,13,name.com,,,
b9e46b0e-d13d-476b-8013-9b0c6ecfef6e,maze.holiday,available,9.99,,high,low,4,name.com,,,
44cbb87b-b080-49e7-80bb-d19b302aab6d,unlocking.holiday,available,9.99,,high,low,9,name.com,,,
f8241d2a-7517-4388-a5a6-4cbfbc5c8756,unacceptable.holiday,available,9.99,,high,low,12,name.com,,,
165f4a8e-5244-4ce5-a458-403fc49ece10,lol.holiday,available,9.99,,high,low,3,name.com,,,
bbd53c35-808b-4458-b572-2ee2d839a1ce,aspirin.holiday,available,,,high,low,7,,,,
49c15c64-871d-4e6d-b748-c1c1cf9d4e0a,pad.holiday,available,9.99,,high,low,3,name.com,,,
5590cd23-e887-4c75-a1b6-d57f829b3a54,disco.holiday,available,9.99,,high,low,5,name.com,,,
4fe6122f-016a-406e-b7f6-554b3db8b680,freeway.holiday,available,9.99,,high,low,7,name.com,,,
961e60b2-76fa-4151-986f-37d583882077,altaic.holiday,available,9.99,83.99,medium,low,6,name.com,,,
cdda712d-1a40-45da-b2cd-e0b314309e85,tile.holiday,available,9.99,,high,low,4,name.com,,,
9ab852e5-88f2-4349-8560-97da789a477f,scatty.holiday,available,9.99,83.99,medium,low,6,name.com,,,
f55cef64-2d61-4b53-84dc-d8c398674b7e,wharf.holiday,available,9.99,,high,low,5,name.com,,,
1e55189c-e27e-4ed9-ae49-3715ac98413a,sounded.holiday,available,9.99,,medium,low,7,name.com,,,
72fca908-24f0-4d5c-84c1-1f4e425d211a,atonic.holiday,available,9.99,83.99,low,low,6,name.com,,,07/08/2026 13:54
7732680c-bf37-4802-8323-c7162bae63ac,tercet.holiday,available,9.99,83.99,high,low,6,name.com,,,
19156952-a910-4cc0-8a3b-73222cd7b63a,bringing.holiday,available,9.99,,high,low,8,name.com,,,
20f1a431-7088-4d06-9a85-fb40072f1035,recession.holiday,available,9.99,,high,low,9,name.com,,,
a1afa89b-6149-4c0e-bc7d-47a9c454dcdb,ear.holiday,available,9.99,,high,low,3,name.com,,,
60580223-2945-41da-931f-8b47ff80422b,having.holiday,available,9.99,,high,low,6,name.com,,,
227cabc6-da7f-4a99-949b-877b6cadcbff,owing.holiday,available,9.99,,medium,low,5,name.com,,,
e9729377-06e4-4d8a-bd26-ec8ad863ab45,bated.holiday,available,9.99,83.99,medium,low,5,name.com,,,09/08/2026 00:22
2af1c7cf-24b8-4191-a8e0-bf54739db5c1,coach.holiday,available,9.99,,high,low,5,name.com,,,
4da42f49-5b7d-447f-8e24-7f8188c10f98,befuddled.holiday,available,9.99,83.99,medium,low,9,name.com,,,07/08/2026 11:41
9b926b0e-762a-45ec-a43a-3c402624d18e,owe.holiday,available,9.99,,high,low,3,name.com,,,
52fb547c-9427-4a2c-928e-11483877cd90,ssi.holiday,available,9.99,,high,low,3,name.com,,,
8cf34b7c-a229-4e2f-8185-e8b332250420,treasure.holiday,available,9.99,,high,low,8,name.com,,,
95d3c46e-3357-4063-9afb-8874d07a3ee3,whale.holiday,available,9.99,,high,low,5,name.com,,,
99d15d58-7fe6-4caa-9e50-9346d22e1175,nutty.holiday,available,9.99,83.99,high,low,5,name.com,,,06/08/2026 21:27
d89f5313-c428-45f0-bbf8-0981ae87330a,seen.holiday,available,9.99,,high,low,4,name.com,,,
f8648e3b-f860-4a0b-a48c-1a000b0d0408,possess.holiday,available,9.99,,high,low,7,name.com,,,
9755116a-e6ab-4493-9877-1909d9c82840,bedewed.holiday,available,9.99,83.99,low,low,7,name.com,,,09/08/2026 06:46
bf774d84-1c0a-4277-a3b6-8ea5e82ccccb,disgrace.holiday,available,9.99,,high,low,8,name.com,,,
842babc3-9be0-4c75-8811-74b4d3fcd7e5,initial.holiday,available,9.99,,high,low,7,name.com,,,
4a042923-053a-41e9-874c-1fffa0f87d56,septenary.holiday,available,9.99,83.99,medium,low,9,name.com,,,
8c29461f-e4b8-4400-b7bb-5811046760a1,retardant.holiday,available,9.99,,high,low,9,name.com,,,
5eb27aa1-0ecd-4db2-9639-336d235afaa4,arm.holiday,available,,,high,low,3,,,,
624f6634-4f42-4d03-8d16-20df70d0b281,jerking.holiday,available,9.99,83.99,high,low,7,name.com,,,06/08/2026 21:58
a8b63ef5-4c8f-4bcb-9e9b-1f36847a9472,exist.holiday,available,9.99,,high,low,5,name.com,,,
426553e3-4528-483e-ad95-949124917ab2,imagine.holiday,available,9.99,,high,medium,7,name.com,,,
b41be1b9-46c4-4f10-af6a-8b26ca0075fe,holes.holiday,available,9.99,,high,low,5,name.com,,,
1117754e-efde-4c31-b7f8-fa83f394c42b,times.holiday,available,9.99,,high,low,5,name.com,,,
c33ec9cf-d009-46c3-8331-c6874bf11f6c,scowling.holiday,available,9.99,83.99,medium,low,8,name.com,,,09/08/2026 08:33
7c70a507-c555-4113-b04d-af2ba870440d,curiously.holiday,available,9.99,,high,low,9,name.com,,,
6170d300-32e8-42b1-a3e2-3c88f67ee5c8,prohibited.holiday,available,9.99,83.99,medium,low,10,name.com,,,08/08/2026 13:48
7daddf67-acaa-4225-aacd-ae4d20245d0d,commit.holiday,available,9.99,,high,low,6,name.com,,,
edf83eed-4a33-4aa9-9524-de40d96e50a7,schneider.holiday,available,9.99,,high,low,9,name.com,,,
f2c0b1b5-7ad4-47ac-8d41-2f966aa457c7,niner.holiday,available,9.99,83.99,high,low,5,name.com,,,
b2bc2e02-9edf-4bdf-8353-18e85b1eab04,effectively.holiday,available,9.99,,high,low,11,name.com,,,
c2d391f3-025e-4736-83a3-e0ec5479f317,allowed.holiday,available,9.99,,high,low,7,name.com,,,
9302021f-3719-4506-b6af-c7d30e19bfef,truly.holiday,available,9.99,,high,low,5,name.com,,,
da84a98e-dfdb-400c-98b4-ddf1bbe86077,victor.holiday,available,,,high,low,6,,,,
439c1480-6352-42ec-9ee5-d1d50469d2b6,actinon.holiday,available,9.99,83.99,medium,low,7,name.com,,,
62cc98bb-a2a2-40d8-9fbb-40865f01f951,sign.holiday,available,9.99,,high,low,4,name.com,,,
7e557b55-581f-48c8-9457-3a1c0b44f309,adjunct.holiday,available,9.99,83.99,high,low,7,name.com,,,
f4e423ed-018f-4eda-8282-3bcf5c19a22d,condom.holiday,available,9.99,,high,low,6,name.com,,,
55fdbe1b-ee25-4aff-b1ea-011fce62818a,cue.holiday,available,9.99,,high,low,3,name.com,,,
954a8817-de55-499c-8e43-4d2a06455252,yellowcake.holiday,available,9.99,,high,low,11,name.com,,,
9e9ec369-9fbf-4e03-9364-62b6659d2b4c,riding.holiday,available,9.99,,high,low,6,name.com,,,
671c7296-2ad0-4aa0-9df2-6f946ed0f139,expecting.holiday,available,9.99,,high,low,9,name.com,,,
a2a322eb-2c64-4667-98b3-0317ebe85867,barreled.holiday,available,9.99,83.99,medium,low,8,name.com,,,08/08/2026 20:46
b2221743-3796-47ef-b99c-ed55202864fd,fundament.holiday,available,9.99,83.99,medium,low,9,name.com,,,09/08/2026 10:59
1948a3c2-5228-418c-bde9-2a3bdc9289fa,septet.holiday,available,9.99,83.99,medium,low,6,name.com,,,
b7cf229d-82be-488e-a084-0fa1b5ebac10,fortified.holiday,available,9.99,83.99,high,low,9,name.com,,,09/08/2026 00:17
4359ad9b-25fc-4a30-9083-c3f4bb6cab06,temple.holiday,available,,,high,low,6,,,,
618ed1e4-e792-46d0-9f65-175b62c6dc2f,apologetic.holiday,available,9.99,83.99,high,low,10,name.com,,,06/08/2026 02:07
ac2898ec-aa74-4410-95ab-111f4be820d1,represented.holiday,available,9.99,,high,low,11,name.com,,,
9a72413a-bc25-4c30-9337-e901eab15484,existence.holiday,available,9.99,,high,low,9,name.com,,,
563bfbdc-8257-46c3-a795-dcb4d471118c,poverty.holiday,available,9.99,,medium,low,7,name.com,,,
70f7ce25-cd0f-45f8-b7bb-d37b2d847cb0,capitalize.holiday,available,9.99,,high,low,10,name.com,,,
ac2246ca-0122-4d81-b53b-8df95ae69219,algid.holiday,available,9.99,83.99,medium,low,5,name.com,,,
05d82fbf-4910-4717-8a24-2f72ff3a2600,pocket.holiday,available,9.99,,high,medium,6,name.com,,,
c6dfc327-2ad1-4838-ad5f-eaff2a5c6aa9,similar.holiday,available,9.99,83.99,high,low,7,name.com,,,
8f662e72-30a8-4a28-b1df-497eca80f9d3,cocksucker.holiday,available,9.99,83.99,medium,low,10,name.com,,,08/08/2026 23:29
88f26feb-2e6d-417f-a750-4d3d0b0afa8e,exhaust.holiday,available,9.99,,high,low,7,name.com,,,
f2ac3871-b6a1-4516-9c8d-44251b65a6e3,somebody.holiday,available,9.99,,high,low,8,name.com,,,
2374022e-a167-4109-8531-7b1a5fedbb6b,spontaneous.holiday,available,9.99,,high,low,11,name.com,,,
9c1fadc7-3fa4-460e-b64c-0c3217ec0abf,mouthcare.holiday,available,9.99,,medium,low,9,name.com,,,
40146d2b-0d71-4261-83ff-850546a65270,forget.holiday,available,9.99,,medium,low,6,name.com,,,
e4125451-c1eb-4841-9e34-98d5459b6a13,contempt.holiday,available,9.99,,medium,low,8,name.com,,,
28976fc7-9cef-4f55-9817-f1637aa64f4f,speculation.holiday,available,9.99,,high,low,11,name.com,,,
bf2e4086-f03a-491a-b37a-950b7395368c,carrie.holiday,available,9.99,,high,low,6,name.com,,,
cede1e46-ca56-4632-b136-e04b0cfb5f30,abbatial.holiday,available,9.99,83.99,medium,low,8,name.com,,,
12263b72-25aa-4eb0-b8c0-fc80cc8b62b9,theyre.holiday,available,9.99,,medium,low,6,name.com,,,
4075d98d-38d3-4112-a4b3-809d33a39960,legion.holiday,available,9.99,,high,low,6,name.com,,,
10d62738-1e44-4392-a343-4adc18ebcde8,discount.holiday,premium,242,242,high,low,8,namesilo,,,
881b10c1-1088-4deb-b461-40d083603eb7,attempted.holiday,available,9.99,83.99,high,low,9,name.com,,,07/08/2026 15:12
41b23f3f-8d53-4359-88bf-41db0feff18b,astern.holiday,available,9.99,83.99,high,low,6,name.com,,,
f5c9b8da-9a11-40af-b79c-8207d5c46abf,revolt.holiday,available,9.99,,high,low,6,name.com,,,
86c53e55-823f-4b2d-bff9-3ce837c232d4,avionic.holiday,available,9.99,83.99,medium,low,7,name.com,,,07/08/2026 23:35
3b37701d-96b6-4741-ad56-408a797a6729,frequently.holiday,available,9.99,,high,low,10,name.com,,,
e03a8762-5822-4a6e-91a7-52f9087bf333,reveal.holiday,available,9.99,,high,low,6,name.com,,,
7f20cbf4-486f-45c8-9159-7c2f52048154,increase.holiday,available,9.99,,high,low,8,name.com,,,
45867fb8-f1fd-417b-8595-26591fb780aa,did.holiday,available,9.99,,high,low,3,name.com,,,
96bd1fdf-5ee7-4fee-a5a7-f0344c3e6fdc,baby.holiday,available,9.99,,high,low,4,name.com,,,
6f742cc9-312a-4877-998a-3d5a4ef2002e,bahamas.holiday,available,,,high,low,7,,,,
c086e589-e36c-44f6-b789-f4cde8858e3c,unused.holiday,available,9.99,,medium,low,6,name.com,,,
a6351b14-2802-4d4d-87f6-eca8a172c8cf,channel.holiday,available,9.99,,high,low,7,name.com,,,
34e3e8b3-9d8c-4825-b751-3bc49686068c,xoxoxo.holiday,available,9.99,,high,low,6,name.com,,,
62334911-c96b-4c78-b63a-ab1239fda41e,switch.holiday,available,,,high,low,6,,,,
15f40b62-d91f-461b-b15a-342c39a316f9,inexorable.holiday,available,9.99,83.99,medium,low,10,name.com,,,
e2b6e518-53d4-45c1-9cfa-1631388ace8d,respects.holiday,available,9.99,,high,low,8,name.com,,,
76596755-ae3a-481e-86ed-2a019921b928,baptized.holiday,available,9.99,83.99,high,low,8,name.com,,,08/08/2026 14:55
5625b5e2-ce59-40d0-9012-ca7711f72add,saw.holiday,available,9.99,,high,low,3,name.com,,,
96dd2cbb-bb6a-4c09-963b-95c088debdca,point.holiday,available,9.99,,high,low,5,name.com,,,
f6ad6d63-707b-4abc-bc88-9ecea5cb5185,antitoxic.holiday,available,9.99,83.99,medium,low,9,name.com,,,05/08/2026 19:55
067d9e00-ee79-43b6-9e70-c3e3e40fb90f,starting.holiday,available,9.99,,high,low,8,name.com,,,
2970ccae-bbf2-407b-97ab-cb1b0cc19b27,mash.holiday,available,9.99,,high,low,4,name.com,,,
65785a79-731a-48bf-a6e3-07d6abc28fc7,astonish.holiday,available,9.99,,high,low,8,name.com,,,
b6af467f-2089-4957-a24d-e0c9dd8ebc58,appellant.holiday,available,9.99,83.99,medium,low,9,name.com,,,06/08/2026 06:23
d8823695-33fd-4b1a-93fb-0b8121518815,accordant.holiday,available,9.99,83.99,high,low,9,name.com,,,
dabd68dd-f8d8-4467-8ac0-55faf32368de,uncommitted.holiday,available,9.99,,medium,low,11,name.com,,,
7e70e0af-9f05-4b77-b23d-d650157657e3,rooms.holiday,available,9.99,,high,low,5,name.com,,,
29c65bdc-83d2-4c58-9281-0322e21e9703,xlviii.holiday,available,9.99,83.99,medium,low,6,name.com,,,
671ea789-8495-4f26-979a-3e662bcd9772,july.holiday,premium,118.8,118.8,high,low,4,namesilo,,,
595d584f-7e5e-4ba9-9835-9d23bd123e12,facility.holiday,available,9.99,,high,low,8,name.com,,,
db7b79de-3166-4bae-806f-a75425473572,terror.holiday,available,9.99,,high,low,6,name.com,,,
67641389-4fc2-4074-8c65-4b72ec566b01,jacks.holiday,available,9.99,,high,low,5,name.com,,,
116587b7-a783-43ab-bc44-ba57e22dccdd,obviously.holiday,available,9.99,,high,low,9,name.com,,,
d916b78a-1adb-489a-9eba-968417fc4670,bravery.holiday,available,9.99,,high,low,7,name.com,,,
8107158d-7c2a-42aa-a811-729d16717170,merger.holiday,available,9.99,,high,low,6,name.com,,,
903bae2e-f1c9-4e7c-a10f-9d80decbfa54,congregation.holiday,available,9.99,,high,low,12,name.com,,,
8aa90e10-183a-4baf-994e-e0af4c5baa3b,pull.holiday,available,9.99,,high,low,4,name.com,,,
c27603d9-d3a5-403e-b769-6f8249597408,glitter.holiday,available,9.99,,high,low,7,name.com,,,
8fe39a67-363e-4fdc-906f-659bf8a023c2,step.holiday,available,9.99,,high,low,4,name.com,,,
bdaab2ce-edfe-4bfd-89fe-1a81f3baf309,bead.holiday,available,9.99,,high,low,4,name.com,,,
95dcea35-95ec-4a31-85aa-86b2aff275d5,aeolian.holiday,available,9.99,83.99,high,low,7,name.com,,,
2822ccf8-c07d-40c6-9ade-f57ff2595260,abkhasian.holiday,available,9.99,83.99,medium,low,9,name.com,,,
30c3764c-c1b3-4c75-a902-5896fb3f1bb9,auricular.holiday,available,9.99,83.99,high,low,9,name.com,,,07/08/2026 17:46
d68db0d0-8020-4852-9485-82932f9d15bf,squirrel.holiday,available,9.99,,high,low,8,name.com,,,
b4bd6bfb-8a56-4bed-aeee-6317a7ee8f97,concoct.holiday,available,9.99,,high,low,7,name.com,,,
b15b2458-348e-43c7-a5ad-6283bda87b95,perfectly.holiday,available,9.99,,high,low,9,name.com,,,
396f24a8-0833-4739-9bbc-cb7bf0b9028d,resounding.holiday,available,9.99,,high,low,10,name.com,,,
48801bfb-cedc-499c-9ac8-5222c73c841d,hydroponic.holiday,available,9.99,83.99,medium,low,10,name.com,,,06/08/2026 10:34
62efff64-2b59-4ed8-965e-cd869b7466d6,hawaii.holiday,premium,500,,high,low,6,name.com,,,
ff2c0308-c711-4719-8dbf-5a558c0c2428,toad.holiday,available,9.99,83.99,high,low,4,name.com,,,05/08/2026 21:06
63d7de23-d13f-4765-abd4-5990a8b15097,evrything.holiday,available,9.99,,medium,low,9,name.com,,,
428a2e10-8522-455f-84e6-f35329c6e872,vii.holiday,available,9.99,83.99,high,low,3,name.com,,,
f94546f8-3c4f-446c-a8da-cf01a8ade973,liii.holiday,available,9.99,83.99,medium,low,4,name.com,,,
edcb29a7-c72d-4be3-b4b5-4273c41822ec,increasing.holiday,available,9.99,,high,low,10,name.com,,,
eba62a78-a184-4110-8544-d2138964bd45,descend.holiday,available,9.99,,high,low,7,name.com,,,
31248650-4380-446d-96f8-abbf2c2603d2,beetling.holiday,available,9.99,83.99,medium,low,8,name.com,,,09/08/2026 08:22
32011789-9bdf-4b7f-a537-be1cc44e2a3f,analyst.holiday,available,9.99,,high,low,7,name.com,,,
ce95b5f4-b3f3-4810-a2b9-61bc0d49f18b,none.holiday,available,9.99,,high,low,4,name.com,,,
6cd14d80-d87e-45f4-8739-80f3b288f122,piss.holiday,available,9.99,,high,low,4,name.com,,,
3738d159-fca3-4d6a-ae57-bac3395881cf,silent.holiday,available,9.99,,high,low,6,name.com,,,
28f4b2b7-b559-4801-855e-00aca19334df,barbarian.holiday,available,9.99,83.99,high,low,9,name.com,,,08/08/2026 15:26
99af1fc8-ff74-4e8d-88f7-c66dcbd6cb95,armorial.holiday,available,9.99,83.99,medium,low,8,name.com,,,06/08/2026 20:15
3826d59a-e50b-4123-8dfa-892c68818ec2,tried.holiday,available,9.99,,high,low,5,name.com,,,
6f3a9311-816f-482d-abfe-ab76a5c7cf8a,alienated.holiday,available,9.99,83.99,medium,low,9,name.com,,,
ba65496b-c179-4e10-b6b2-701ef00d250a,jasmine.holiday,available,64.99,64.99,high,low,7,namesilo,,,08/09/2026 14:04
69511a83-75bd-41d3-be51-cc6ce56365e7,proactive.holiday,available,9.99,,high,low,9,name.com,,,
7e343f6f-8516-4c6e-b53e-f30954e103b2,ads.holiday,available,9.99,,high,medium,3,name.com,,,
a40492dc-e7b4-459d-8c76-6bafb07ccb20,masculine.holiday,available,9.99,,high,low,9,name.com,,,
95096ff8-c615-43b8-a24d-2511cafa717a,thread.holiday,available,9.99,,high,low,6,name.com,,,
48663d68-068f-4976-be15-10a2a072b1eb,invisible.holiday,available,9.99,,high,low,9,name.com,,,
3fdb4b41-1669-48f3-91ee-6ebb16f59fb9,super.holiday,resell,,,high,medium,5,1API GmbH,07/04/2014 22:03,07/04/2027 22:03,
39792182-a3e3-4d25-b637-971fc3811901,emergency.holiday,available,9.99,,high,low,9,name.com,,,
f866b144-a312-4e1e-b14d-acd637bbf497,resonating.holiday,available,9.99,,high,low,10,name.com,,,
5f235db0-b44c-4c0f-9324-177592068d27,solo.holiday,available,,,high,low,4,,,,
4c394955-ebac-435f-8d38-2b5d18fec712,lots.holiday,available,9.99,,high,low,4,name.com,,,
d59acae7-1abe-425d-be96-2e565709afdd,sunday.holiday,available,9.99,,high,low,6,name.com,,,
ac326c68-579a-4bd3-8491-2ba4a6fb3dc1,vexation.holiday,available,9.99,83.99,medium,low,8,name.com,,,
5a9ebd1f-63c5-4922-8bf9-52bf8a89908b,crocodile.holiday,available,9.99,,high,low,9,name.com,,,
363e363e-ba2c-4ea3-80d0-032ddccc6a2f,reticent.holiday,available,9.99,,high,low,8,name.com,,,
40ad0598-c27e-48e5-af1e-531ef42d5923,less.holiday,available,9.99,,high,low,4,name.com,,,
0d5ed9b5-aa54-4d8a-9e16-878841d50b9f,tylenol.holiday,available,,,high,low,7,,,,
66028e6c-6d24-4055-8f7c-fb969c1d41ff,relapse.holiday,available,9.99,,high,low,7,name.com,,,
3c2a2710-2faf-4a78-87d0-c9a304ceb328,within.holiday,available,9.99,,high,low,6,name.com,,,
c743d069-bf58-4ea6-82e1-946c79358b81,recommend.holiday,available,9.99,,high,low,9,name.com,,,
1625eadc-3c3b-47b5-b470-0dab220100ea,avenged.holiday,available,9.99,83.99,high,low,7,name.com,,,07/08/2026 22:35
d5fe9e84-1765-4c14-9078-3842cdda85b8,could.holiday,available,9.99,,high,low,5,name.com,,,
8f103335-8af7-4d49-9ced-d23b35face53,unassuming.holiday,available,9.99,,high,low,10,name.com,,,
5d009b88-ff08-421a-b5d5-ea85c08c34bf,accomplished.holiday,available,9.99,,high,low,12,name.com,,,
bac3c6d5-8ad4-437a-872d-cf41193a4084,undisciplined.holiday,available,9.99,,medium,low,13,name.com,,,
031fe8fc-d446-4606-919f-436b87c3f769,multiple.holiday,available,9.99,,high,low,8,name.com,,,
8b96d2ca-4d4e-4c6b-b5b0-a6253c5a3c6b,inverse.holiday,available,9.99,,high,low,7,name.com,,,
6f8da637-1088-4f28-bed5-f3733a1eaad8,norwegian.holiday,premium,118.8,118.8,high,low,9,namesilo,,,
8e6e91e2-d657-48ee-a522-e6777d160de2,crowd.holiday,available,9.99,,high,low,5,name.com,,,
f91b111b-a11d-495f-8586-ba09cbf95e4c,flu.holiday,available,9.99,,high,low,3,name.com,,,
de627aef-31fa-47d1-b91e-0b88d9fb86e0,incompatible.holiday,available,9.99,,high,low,12,name.com,,,
6b8590c2-8847-4d67-8154-1f320a0d8d6f,barren.holiday,available,9.99,83.99,medium,low,6,name.com,,,08/08/2026 20:57
0a5d3038-7b37-4b5c-a93a-f0184a57d747,sextet.holiday,available,9.99,83.99,high,low,6,name.com,,,
7e7f54b2-17f7-4fd6-beaa-272637246fe4,ttyl.holiday,available,9.99,,medium,low,4,name.com,,,
33bedde9-da18-45fa-bf50-9fa8a2b6251d,macbook.holiday,available,,,high,low,7,,,,
4875b62e-ef39-4236-ae11-7cae9dd67093,cappuccino.holiday,available,9.99,,high,low,10,name.com,,,
1fd9013e-6ac6-4dff-9606-ce43ef686fad,spectral.holiday,available,9.99,83.99,high,low,8,name.com,,,06/08/2026 05:38
aeb556cc-16ba-4357-9977-f271434fe2d6,guard.holiday,available,9.99,,high,low,5,name.com,,,
0cdd41c1-c788-4208-b3ac-2f796faff156,choir.holiday,available,9.99,,high,low,5,name.com,,,
c58a604e-1c1f-4d46-ad46-8d70d65b54f1,inspiring.holiday,available,9.99,,high,low,9,name.com,,,
afcae193-687c-44e0-8369-9b59a2e7aa6d,bits.holiday,available,9.99,,high,low,4,name.com,,,
651ed371-3777-407c-8d1c-3ea9e41296dd,sumbuddy.holiday,available,9.99,,low,low,8,name.com,,,
b1177026-ec3c-48df-9144-ee5ea4324779,panasonic.holiday,available,,,high,low,9,,,,
f52a88f4-4818-4612-831d-9dbe8d21f6ad,themself.holiday,available,9.99,,medium,low,8,name.com,,,
b0730c1e-9477-4e9a-9ae3-94cc315903ae,barefaced.holiday,available,9.99,83.99,medium,low,9,name.com,,,08/08/2026 09:20
5a9fbece-1cce-47d9-8f92-d2a31ccea1b6,commonsense.holiday,available,9.99,,high,low,12,name.com,,,
63e12e48-bd72-475b-891a-c1836dc6344b,political.holiday,available,9.99,,high,low,9,name.com,,,
a1a8abe4-9dec-4fab-b68f-2bcc67613feb,wording.holiday,available,9.99,,high,low,7,name.com,,,
8765e988-875c-4d9f-8d0c-fcda92323ce9,somehow.holiday,available,9.99,,high,low,7,name.com,,,
206eb55a-6adc-4cc4-9994-279a1e52bff5,overlook.holiday,available,9.99,,high,low,8,name.com,,,
79518722-3312-478d-a8a4-135d02aab910,armenian.holiday,premium,78.54,78.54,high,low,8,namesilo,,,06/08/2026 19:39
ec2f45ed-846a-4c92-9883-faf96dc893b0,wedge.holiday,available,9.99,,high,low,5,name.com,,,
9732f50f-ae52-4ff9-b53d-628f219f16b9,superuser.holiday,available,9.99,,high,low,9,name.com,,,
d6172a20-786f-4005-8fc0-5c4064707559,anomic.holiday,available,9.99,83.99,medium,low,6,name.com,,,
5d6be7a6-320e-4c7a-aac0-bc07f42d2d9d,allopathic.holiday,available,9.99,83.99,medium,low,10,name.com,,,
1969ddb5-b8bc-4989-b700-63055be7a396,kiev.holiday,premium,118.8,118.8,high,low,4,namesilo,,,
a9fe07bd-e760-4236-a05f-8b89e058b858,reversible.holiday,available,9.99,,high,low,10,name.com,,,
c18e03bc-e123-4915-bd16-c28ba468d326,cannot.holiday,available,9.99,,high,low,6,name.com,,,
3f800218-b13d-49f5-8368-c9dec3d50637,lxiv.holiday,available,9.99,83.99,medium,low,4,name.com,,,
71103c5e-5952-4846-81b2-3cb436ad535d,sneezing.holiday,available,9.99,,medium,low,8,name.com,,,
35b40354-b890-4637-bc44-32abc2779b74,creek.holiday,available,9.99,,high,low,5,name.com,,,
0f6ec995-d2a2-4532-9703-1891cb01437b,ascendant.holiday,available,9.99,83.99,high,low,9,name.com,,,
ba049982-1c69-49ca-995e-d67c71a9c42c,allelic.holiday,available,9.99,83.99,medium,low,7,name.com,,,
01ae7346-17a4-48be-8d4f-8045018c4ac3,devise.holiday,available,9.99,,high,low,6,name.com,,,
ccc98664-7b3e-4be2-a964-083ac16e424f,lxxx.holiday,available,9.99,83.99,medium,low,4,name.com,,,
b66c396b-fa5e-4499-9aea-0d7b7f6bc31a,antiblack.holiday,available,9.99,83.99,low,low,9,name.com,,,
40053f0e-ef20-4303-bc4f-cd7a9232d75f,making.holiday,available,9.99,,high,low,6,name.com,,,
1968aa5f-57e0-43ff-a1d6-c10e2ba21603,unemployment.holiday,available,9.99,,high,low,12,name.com,,,
bf27428f-bd7d-426f-a839-2a5c671f65ac,coalesced.holiday,available,9.99,83.99,medium,low,9,name.com,,,
45c61753-6091-4445-a9fd-947827d250c8,cxxxv.holiday,available,9.99,83.99,medium,low,5,name.com,,,
7e6e47e3-89ae-4ac2-9fcb-4ac4880ddf37,carnal.holiday,available,9.99,83.99,high,low,6,name.com,,,
13e439f0-ca7f-42bc-96eb-51d6d502bc9f,dictator.holiday,available,9.99,83.99,high,low,8,name.com,,,07/08/2026 19:17
a6aecf2a-5b80-4321-a4b2-d46461b8ab5c,abdicable.holiday,available,9.99,83.99,medium,low,9,name.com,,,
b6f90c7b-78ed-473b-8998-1fa57503a6fd,pretty.holiday,available,9.99,,high,low,6,name.com,,,
653f56c3-b147-4631-adb8-11761310085f,alfresco.holiday,available,9.99,83.99,high,low,8,name.com,,,
2bd2fbc2-06f8-4878-9f52-c3151b11efad,lot.holiday,available,9.99,,high,low,3,name.com,,,
08205a30-3a2d-4f9d-a348-7df220e8104f,gaslighter.holiday,available,9.99,,medium,low,11,name.com,,,
492670dc-6510-4d8b-a0da-f6dbc67dbad9,involving.holiday,available,9.99,,medium,low,9,name.com,,,
7502e408-05fc-4d0f-a3f2-abb506c61008,lxxxviii.holiday,available,9.99,83.99,medium,low,8,name.com,,,
18faa9c0-530a-429f-b25a-4cbaba9ec248,lucy.holiday,available,9.99,,high,low,4,name.com,,,
f5a34a7b-1c5a-449d-a08f-b63be69885a5,ascetic.holiday,available,9.99,83.99,high,low,7,name.com,,,07/08/2026 00:56
d290c20e-79af-4c17-87a0-a5af55f56f82,acicular.holiday,available,9.99,83.99,medium,low,8,name.com,,,
1a85bcac-97a2-4900-8ac5-bb81b5e3d616,jail.holiday,available,9.99,,high,low,4,name.com,,,
29c1a9ed-3c1e-4236-b6f3-e4badace4cc0,anorectal.holiday,available,64.99,64.99,medium,low,9,namesilo,,,
3e05f991-98b1-4d58-8375-c131dd12d02b,useless.holiday,available,9.99,,high,low,7,name.com,,,
6a9ef1cd-8407-4d7c-8cbd-d0e2e0afcdd9,wonder.holiday,available,9.99,,high,medium,6,name.com,,,
21ea01f5-573f-4c3b-bf33-ce515a734ae5,adequately.holiday,available,9.99,,high,low,10,name.com,,,
7666fccb-adcd-4927-a13e-18831ff443fc,reminder.holiday,available,9.99,,high,low,8,name.com,,,
2da34c0f-3c59-4b85-ad70-8c94d14daa2a,manifest.holiday,available,9.99,83.99,high,medium,8,name.com,,,06/08/2026 05:17
6b147ace-615e-4b7a-ac6e-af0454bf8d02,afternoon.holiday,available,9.99,,high,low,9,name.com,,,
0b6ed2d7-fab9-4871-a3b4-3dab2d6a7d3d,combative.holiday,available,9.99,83.99,high,low,9,name.com,,,
5210e2e3-b0c3-400f-8cd3-948e2416b8ee,abducent.holiday,available,9.99,83.99,medium,low,8,name.com,,,
81196667-81a7-409c-939c-81c205c51f96,amphibious.holiday,available,9.99,83.99,high,low,10,name.com,,,
e2330fcc-3fcd-4e58-9ed0-e533d2cad9f0,surrounding.holiday,available,9.99,,high,low,11,name.com,,,
c8e082e7-0179-48a0-b183-c923c4895526,condo.holiday,available,9.99,,high,low,5,name.com,,,
aa0250f2-24ef-49a5-9675-d5d436974163,irritated.holiday,available,,,medium,low,9,,,,
0086758c-e037-4856-aa75-a7db272399af,had.holiday,available,9.99,,high,low,3,name.com,,,
72321159-f93a-4921-8381-cb091d60457b,most.holiday,available,9.99,,high,low,4,name.com,,,
c48f03a2-6d39-471f-80d2-ac3b1d7a29e6,twist.holiday,available,9.99,,high,low,5,name.com,,,
b4f1fbea-13d9-4d1a-b1b6-f33c7c0f1b12,adverse.holiday,available,9.99,83.99,high,low,7,name.com,,,
c708adc8-8daa-4f2d-aa44-4ca7b088ecdb,fuel.holiday,available,9.99,,high,low,4,name.com,,,
6d990551-d9a3-47bd-9946-d2e2b1b51ee2,polyester.holiday,available,9.99,,high,low,9,name.com,,,
49bd6009-083b-4645-9aba-244cbf83c763,aliquot.holiday,available,9.99,83.99,high,low,7,name.com,,,
68e4f2e5-2960-487e-94ed-bc59369deaa1,newfound.holiday,available,64.99,64.99,medium,low,9,namesilo,,,08/09/2026 04:48
126181be-1af4-4576-aec6-e2a7b2ce6e41,educational.holiday,available,9.99,,high,low,11,name.com,,,
e7aef927-309b-45e0-947b-962370d541e4,pubmed.holiday,available,9.99,,high,low,6,name.com,,,
94ab6426-6435-4bcb-b842-7567bb6aebb0,stewart.holiday,available,9.99,,high,low,7,name.com,,,
e1fad599-a2e5-4a58-8152-977756e39605,chairperson.holiday,available,9.99,,high,low,11,name.com,,,
b6c8ce58-c0a8-4ac2-92bc-bbacbf4a10a5,flourishing.holiday,available,9.99,,high,low,11,name.com,,,
6697cab6-97de-4019-9dbb-05a73bf8e03f,case.holiday,available,9.99,,high,low,4,name.com,,,
52257e34-b976-4ea3-ad9d-fca8c94399bf,depression.holiday,available,9.99,,medium,low,10,name.com,,,
1a2a7f74-a219-4dfb-8d53-ee27fbf17463,unfortunately.holiday,available,9.99,,medium,low,13,name.com,,,
33d326d3-92f4-4407-88ae-ce9726004318,bayer.holiday,available,,,high,low,5,,,,
bfee9ff2-f3b5-469a-bf5a-ee7fa77d7a17,wrestling.holiday,available,9.99,,high,low,9,name.com,,,
27a10022-1e89-476f-b553-d990a7261a72,aborigine.holiday,available,9.99,83.99,high,low,9,name.com,,,
ac8d3e66-7f3d-4b88-a89b-8945fd138364,buddy.holiday,available,9.99,,high,low,5,name.com,,,
a39b2ae2-53fd-474c-8d5e-0f3dd1b108b2,sufficient.holiday,available,9.99,,high,low,10,name.com,,,
d3cf94e6-641a-418f-bed3-ddf78f459e34,bless.holiday,available,9.99,,high,low,5,name.com,,,
c5258e7e-53e7-44fb-b351-6f659a888c29,stormy.holiday,available,9.99,,high,low,6,name.com,,,
c24ee782-aa49-4281-bffe-7087f180c2e6,acids.holiday,available,9.99,,medium,low,5,name.com,,,
a82b5aba-867a-4440-a9ab-767495e35866,mindless.holiday,available,9.99,83.99,medium,low,8,name.com,,,07/08/2026 02:48
cc3e11b0-e3a1-4193-acf2-964b54cdf66a,stuffy.holiday,available,9.99,83.99,high,low,6,name.com,,,
b138ac10-9bc1-4cde-a85d-cb025056267a,jointly.holiday,available,9.99,,high,low,7,name.com,,,
a3823b61-1a92-40b1-8869-0ccec481bbce,major.holiday,available,9.99,,high,low,5,name.com,,,
10632af7-3269-4e3a-ae2b-0466236eb725,weeks.holiday,available,9.99,,high,low,5,name.com,,,
ae45965e-2d0c-4008-a7da-f460daf38e6e,lend.holiday,available,9.99,,high,low,4,name.com,,,
c6247493-1411-4750-b25d-a24812f89006,angle.holiday,available,9.99,,high,low,5,name.com,,,
8191efdf-8f2b-40a5-bd33-dcc4d01332f3,seagull.holiday,available,9.99,,high,low,7,name.com,,,
5ad955b6-c2ec-4b51-872c-2ccfe1715add,campaign.holiday,available,9.99,,high,low,8,name.com,,,
ca227052-c91a-4cc4-8bda-4e0b7d02feb9,matter.holiday,available,9.99,,high,low,6,name.com,,,
ea7c7290-9e50-4d33-bffc-e0ea80b83617,tide.holiday,available,9.99,,high,low,4,name.com,,,
0c0ff96d-0c4d-48cd-a8c7-b87204b3c1b7,oatmeal.holiday,available,9.99,,high,low,7,name.com,,,
cc7ae888-5756-460d-a444-132bdfb432a1,peace.holiday,available,9.99,,high,low,5,name.com,,,
e65b8a7f-737e-4e66-b987-b7e5f70ee5c1,introduced.holiday,available,9.99,,high,low,10,name.com,,,
ddb7d152-249b-43f7-b825-00a3e645025a,higher.holiday,available,9.99,,high,low,6,name.com,,,
23b2330a-25dc-459c-ad86-9742d53e8606,starred.holiday,available,9.99,83.99,medium,low,7,name.com,,,07/08/2026 08:52
0639cdd9-f238-4811-a122-c9eaf031a7a2,peeved.holiday,available,9.99,83.99,medium,low,6,name.com,,,
3d8a0b60-4435-4cc2-bae2-590f14a46926,warp.holiday,available,9.99,,high,medium,4,name.com,,,
29f37222-a379-4578-9503-cf83a98ce5fa,disk.holiday,available,9.99,,high,low,4,name.com,,,
2f3ffd51-d474-4d39-86ac-7c3225b0c2c8,arthurian.holiday,available,9.99,83.99,medium,low,9,name.com,,,06/08/2026 23:21
ab07d1e8-d160-47fa-b06f-6ec7d270199f,forehead.holiday,available,9.99,,high,low,8,name.com,,,
fb5ab0e5-d47f-4a09-ad7d-26170bc09fa9,heartburn.holiday,available,9.99,,high,low,9,name.com,,,
dc6948bb-303c-4a31-ba50-ebfdfdaab4c3,acarpelous.holiday,available,9.99,83.99,medium,low,10,name.com,,,
8199d8fc-39fa-4363-a8f9-45b1e8bb1705,absolutely.holiday,available,9.99,,high,low,10,name.com,,,
0f5b5934-e26f-4f1b-9437-376ca99b49fa,gregorio.holiday,available,9.99,,high,low,8,name.com,,,
efa73b98-e30c-4c56-acc3-9ac16af270ec,lager.holiday,available,9.99,,high,low,5,name.com,,,
5fcfd453-4f7d-4aba-ad7c-c0a6e7ac7a30,commission.holiday,available,9.99,,high,low,10,name.com,,,
7451488e-5cc6-4b6e-bb05-5908f0448b48,pertinent.holiday,available,9.99,83.99,high,low,9,name.com,,,06/08/2026 07:59
3f2ba2df-52b8-4d5c-9e17-953474081007,exclusively.holiday,available,9.99,,high,low,11,name.com,,,
43f5a8e6-cabd-402f-8417-027489b950e8,sharing.holiday,available,9.99,,high,low,7,name.com,,,
357e4277-9f58-4af7-b055-0ae3445af0b5,ailing.holiday,available,9.99,83.99,high,low,6,name.com,,,
4197c66c-fc67-4296-b496-4b7717ac2214,dishonesty.holiday,available,9.99,,high,low,10,name.com,,,
e057fe9a-8d04-4e31-9f89-6fb2fb2d6c1c,proceed.holiday,available,9.99,,high,low,7,name.com,,,
78fe0da8-0165-4d76-95ed-f9bfda3450a7,birthday.holiday,premium,118.8,118.8,high,low,8,namesilo,,,
fb60b891-6d15-4439-a483-be6e6a38b738,adam.holiday,available,,,high,low,4,,,,
2a3627b7-281d-484c-8a9b-8a73fb9e3d72,advert.holiday,available,9.99,,high,low,6,name.com,,,
2802c08e-79a1-47dd-9809-c0622020d372,cincinnati.holiday,available,9.99,,high,low,10,name.com,,,
8b8d9e93-4729-4153-81d3-7cf26cd203a0,isbn.holiday,available,9.99,,high,low,4,name.com,,,
e1454b52-2d2a-407b-b928-a4ce76d04f0a,molecules.holiday,available,9.99,,medium,low,9,name.com,,,
84d79846-2768-4f72-9403-27155708d5f7,scarred.holiday,available,9.99,,medium,low,7,name.com,,,
c97242c3-ec21-49ad-8722-9a2b04ec7ce9,knowledgeable.holiday,available,9.99,,high,low,13,name.com,,,
8db34d0d-4420-49bc-befe-390bbb711736,exception.holiday,available,9.99,,high,low,9,name.com,,,
6fe558a8-f6d0-41a6-9edf-7519c29548ca,willingness.holiday,available,9.99,,high,low,11,name.com,,,
80eb0076-174a-449d-a43e-20c77d4df86d,alchemic.holiday,available,9.99,83.99,medium,low,8,name.com,,,
54c660d3-6ae7-4779-8aa7-4272385c2b64,perspective.holiday,available,9.99,,high,low,11,name.com,,,
0fa81b84-9205-46a0-9194-70de073ebb25,planetarium.holiday,available,9.99,,high,low,11,name.com,,,
65bf07f0-7a91-4b22-be6c-4d1f8fa37be1,spiritual.holiday,available,9.99,83.99,high,low,9,name.com,,,06/08/2026 05:42
1c851a04-5927-4172-a3ce-55ed00624d93,jay.holiday,available,9.99,,high,low,3,name.com,,,
f0df630b-c68e-46ba-a8c3-0d295e2017a4,chain.holiday,available,9.99,,high,low,5,name.com,,,
8e9a4d0b-4c88-403e-a74f-f57e70215509,accounted.holiday,available,9.99,,medium,low,9,name.com,,,
41d4d042-4bd3-4418-9837-757f13ba74cd,fail.holiday,available,9.99,,high,low,4,name.com,,,
67fcd4d2-f6ec-4446-817a-fad5e11e4c74,audile.holiday,available,9.99,83.99,medium,low,6,name.com,,,07/08/2026 16:40
ce9aaaf0-e6c4-495c-a2c1-d4c44bfd37ec,diminishing.holiday,available,9.99,,high,low,11,name.com,,,
5fb354d8-16ef-4e60-bbaf-f2b930d641fa,fact.holiday,available,9.99,,high,low,4,name.com,,,
29aa1aab-f0b4-47d8-bfdf-ed28a6fe5106,bus.holiday,available,9.99,,high,low,3,name.com,,,
ddef75e4-c742-43bd-9faf-b5d1bd4f4dff,laborer.holiday,available,9.99,,high,low,7,name.com,,,
f1d50ffe-ea35-4086-94f0-6e79f3e434be,modelling.holiday,available,9.99,,high,low,9,name.com,,,
bc501d3d-3276-43c4-9f02-bafd92e4977e,algometric.holiday,available,9.99,83.99,medium,low,10,name.com,,,
96f423c6-b6b3-4743-a78b-163dd71830b3,warrant.holiday,available,64.99,64.99,high,low,7,namesilo,,,08/09/2026 08:40
293a9816-4ce3-4cfd-8de5-ba73a7ed5c55,collision.holiday,available,9.99,,high,low,9,name.com,,,
c210dd48-2088-4902-9796-0e84fa7b7850,west.holiday,premium,242,242,high,low,4,namesilo,,,
c3c5f926-4d70-4831-be06-fb47cc479971,quarter.holiday,available,9.99,,high,low,7,name.com,,,
944fa2dd-9887-4646-ada0-613cd63a7b10,response.holiday,available,9.99,,high,low,8,name.com,,,
bd685286-1a5f-411d-ad65-f4d57d11c561,tbd.holiday,available,9.99,,high,low,3,name.com,,,
519319c4-dae9-499f-bb02-a7795639dac8,procrastinate.holiday,available,9.99,,medium,low,13,name.com,,,
8a212503-f90d-4909-a1aa-d97e4d3f9b4f,annulated.holiday,available,9.99,83.99,high,low,9,name.com,,,
0c2a1812-75b4-49c8-88db-ef7d05f3bde4,unbeatable.holiday,available,9.99,,high,low,10,name.com,,,
22b64dc5-e2b3-4ae6-ae56-a75b223b26f6,suspense.holiday,available,9.99,,high,low,8,name.com,,,
67677f9b-8826-4551-a3da-b5e6654e3ec0,consent.holiday,available,64.99,64.99,high,low,7,namesilo,,,08/09/2026 13:17
56c37b2e-030b-4ef3-96b7-fc1b2715b271,quatern.holiday,available,9.99,83.99,medium,low,7,name.com,,,
a6db0675-c28c-46e8-8785-9dbd9398f6df,document.holiday,available,9.99,,high,low,8,name.com,,,
0a8c196a-efcb-47dc-ba3a-f647867acc0f,gym.holiday,available,9.99,,high,low,3,name.com,,,
273a2500-2c76-4e40-adc6-7025bcbc29b7,assamese.holiday,available,9.99,83.99,high,low,8,name.com,,,07/08/2026 05:38
e7fbce6b-01f1-4634-a54d-a79a6700c1ed,worshipful.holiday,available,9.99,83.99,high,low,10,name.com,,,
a3903abb-22a7-47b2-b9eb-c4dd83bb2ee1,bitter.holiday,available,9.99,83.99,high,low,6,name.com,,,
09633f1b-b1b1-4582-94fe-f5046fa04ab8,allylic.holiday,available,9.99,83.99,medium,low,7,name.com,,,
aa018fdc-82d6-4f69-849b-a10d14b3558f,rail.holiday,premium,500,,high,low,4,name.com,,,
1ce894b4-a829-42e0-aaa6-37b584c7e57e,hall.holiday,available,9.99,,high,low,4,name.com,,,
c8e28d96-b5ce-47cc-8304-2809d2b37c36,prose.holiday,available,9.99,,high,low,5,name.com,,,
f794adfc-e2cd-4f0a-87a3-c5d2f00bc78b,fix.holiday,available,9.99,,high,low,3,name.com,,,
1504761d-9173-4fd2-be28-249b3cd452cd,november.holiday,available,9.99,,high,low,8,name.com,,,
e2bc0a60-2560-4168-b35a-c29a11947ba4,chore.holiday,available,9.99,,high,low,5,name.com,,,
6d115132-4d1f-4ac5-9b1c-ea9bc8863ee6,orphan.holiday,available,9.99,,high,low,6,name.com,,,
215c2d95-ac27-49cd-b9c2-692b18d75f13,pitching.holiday,available,9.99,,high,low,8,name.com,,,
242901d4-7843-463d-8000-3972e1289f39,brought.holiday,available,9.99,,medium,low,7,name.com,,,
89ff09da-574f-408e-b549-8c0a9c6ce900,evitable.holiday,available,9.99,83.99,medium,low,8,name.com,,,07/08/2026 22:45
255f3b3c-b85b-4b33-bd97-1f85c985364e,aurous.holiday,available,9.99,83.99,medium,low,6,name.com,,,07/08/2026 17:31
50043fb3-be98-453e-a220-824e85eeee0a,language.holiday,available,9.99,,high,low,8,name.com,,,
43995c84-b9a6-4c61-b831-82f524809755,thumping.holiday,available,9.99,83.99,high,low,8,name.com,,,08/08/2026 13:08
464c022c-fd73-4edf-b5cb-fd828ff02ed2,solution.holiday,available,9.99,,high,low,8,name.com,,,
5de2ea0e-14a7-440b-92a2-466ea1c2b739,fold.holiday,available,9.99,,high,low,4,name.com,,,
e06cbf58-7924-4442-ba2a-ed2490308596,ohmygosh.holiday,available,9.99,,high,low,8,name.com,,,
d4d91c74-a90a-4ddd-92c8-8cd513125d60,tongue.holiday,available,9.99,,high,low,6,name.com,,,
d318b6ba-2653-40f9-91e0-d26e49a57562,inundated.holiday,available,9.99,83.99,medium,low,9,name.com,,,08/08/2026 00:29
d1a31928-7236-4198-a93e-e8dc57aab557,rice.holiday,available,9.99,,high,low,4,name.com,,,
9922f865-c25e-4de6-8392-191b5c404309,donkey.holiday,available,9.99,,high,low,6,name.com,,,
b663b1cd-2857-4638-a491-4a73e4d5e777,aerial.holiday,available,9.99,83.99,high,low,6,name.com,,,
076461d1-0748-4fad-b926-1cdfab379b79,dad.holiday,available,9.99,,high,low,3,name.com,,,
6ca8fcc0-bf93-498b-88a9-b58056c1049b,marked.holiday,available,9.99,,high,low,6,name.com,,,
9f0026c4-b271-4359-a8b9-5dedc602e9df,flooded.holiday,available,9.99,83.99,high,low,7,name.com,,,08/08/2026 00:23
9e09ec4f-9db4-4191-bada-50ef80ae19f5,beguiled.holiday,available,9.99,83.99,medium,low,8,name.com,,,09/08/2026 09:46
28175cc1-92a8-4f74-adfb-34cd494224cb,perceiving.holiday,available,9.99,,high,low,10,name.com,,,
a69dec00-4289-49ff-81c8-e654531b0d89,subscribe.holiday,available,9.99,,high,low,9,name.com,,,
3c5bd436-9fd8-47ab-a16c-1dffbb7f0b48,receive.holiday,available,9.99,,high,low,7,name.com,,,
6f26845a-e49d-40d8-a764-2147b737a6b8,traffic.holiday,available,9.99,,high,low,7,name.com,,,
813b77a0-3cea-41f8-8268-29ad9ec005b5,ounce.holiday,available,9.99,,high,low,5,name.com,,,
b1faada5-67d4-499e-a618-c1fc7cb1c455,never.holiday,available,9.99,,high,low,5,name.com,,,
9421f7bc-5b13-44a3-a36a-73d01a6ed971,issue.holiday,available,9.99,,high,low,5,name.com,,,
189db8e4-9d4f-4a64-a723-6855ff7c00e1,alimental.holiday,available,9.99,83.99,medium,low,9,name.com,,,
41a9d38c-2eed-4cd0-b66a-5a8b9a7e40c7,indisposed.holiday,available,9.99,83.99,medium,low,10,name.com,,,
f1a06ed3-b443-44cd-b975-6332f0c598b4,jerk.holiday,available,9.99,,high,low,4,name.com,,,
3e6b8f71-4422-4bb1-83f2-dc74b4b62c3d,sort.holiday,available,9.99,,high,low,4,name.com,,,
929a6e29-3be8-42de-b40c-72a589b61cc7,provision.holiday,available,9.99,,high,low,9,name.com,,,
60607c32-ca7c-48cc-97a7-ffe02dd60aca,fifth.holiday,available,9.99,83.99,high,low,5,name.com,,,
62c08f79-a4cc-4a73-9ded-30e1b3ecad22,shaper.holiday,available,9.99,,high,low,6,name.com,,,
076e7de2-5df3-46a7-9789-378a38e3e4ed,blob.holiday,available,9.99,,high,low,4,name.com,,,
0612f54f-c3e9-4614-b089-d07da16be562,algonkin.holiday,available,9.99,83.99,high,low,8,name.com,,,
12c4888b-5fd2-44ca-ade1-236bffb90ac4,truant.holiday,available,9.99,83.99,high,low,6,name.com,,,08/08/2026 01:41
b0eef412-1dee-4c45-8bd8-6c0bcec7c26a,success.holiday,available,9.99,,high,low,7,name.com,,,
a49d2467-0407-49d2-92d1-29261ff2f465,vice.holiday,available,9.99,,high,low,4,name.com,,,
e27c9572-a225-42eb-a8ed-664babc23422,acned.holiday,available,9.99,83.99,low,low,5,name.com,,,
f1faffae-2948-4fa7-90d2-f8324e4bf063,ing.holiday,available,9.99,,high,low,3,name.com,,,
86fa6269-c2c2-4589-bb9f-67d9b7ebf76c,adnate.holiday,available,9.99,83.99,medium,low,6,name.com,,,
7f3193a5-89a0-483f-bf39-29d4da3bf1c3,ague.holiday,available,9.99,83.99,medium,low,4,name.com,,,
1e6d2698-1037-4a89-80fc-58eebbb596f3,baggage.holiday,available,9.99,,high,low,7,name.com,,,
43cee85d-b97a-4550-a5f8-651e17fd6205,popular.holiday,premium,118.8,118.8,high,low,7,namesilo,,,
b2c7049e-dbe6-47b5-bd46-aed0baa569cc,bread.holiday,available,64.99,64.99,high,low,5,namesilo,,,08/09/2026 03:15
49862f7e-1767-4c33-a825-fa5c0663590c,actuated.holiday,available,9.99,83.99,medium,low,8,name.com,,,
141975ce-1b50-4f9b-a91f-13ee0e1980ff,really.holiday,available,9.99,,high,low,6,name.com,,,
4d96b743-bbb5-4cbe-bac2-a04a689ae6d3,advisable.holiday,available,9.99,83.99,high,low,9,name.com,,,
223e1b28-143d-45dc-a2a9-3ef6b28ad508,worm.holiday,available,9.99,,high,low,4,name.com,,,
93b0f347-249b-4dee-b976-9538b14f10c2,acuate.holiday,available,9.99,83.99,medium,low,6,name.com,,,
9f3d2641-1aa4-46d4-a777-1a3b5e4dfcc7,dissonant.holiday,available,9.99,83.99,medium,low,9,name.com,,,07/08/2026 12:26
73abb754-c25e-49f2-87a5-7ee6a1c52178,walkabout.holiday,available,9.99,,high,low,10,name.com,,,
fab04c2e-2746-4b35-a1ed-521d404c0639,costs.holiday,available,9.99,,high,low,5,name.com,,,
ce2a3fcf-6a2a-4691-b501-a4434a247116,hood.holiday,available,9.99,,high,low,4,name.com,,,
dbb6ba53-a0d8-4784-a715-1a3c0356dde7,subtle.holiday,available,9.99,,high,low,6,name.com,,,
f013a0f7-fe93-4015-9971-c7832cf9cfb5,pencil.holiday,available,9.99,,high,low,6,name.com,,,
00485ea4-c94d-4b42-b87f-07889a8c1cc5,devote.holiday,available,9.99,,high,low,6,name.com,,,
1bcc38d3-2302-4e84-bb92-24b3a4c4552e,endurance.holiday,available,9.99,,high,low,9,name.com,,,
f24ac0da-be28-4cb8-9f7a-08878b1e625f,medication.holiday,available,9.99,,high,low,10,name.com,,,
66d09c4f-e488-43c9-b197-af9c9e532143,armless.holiday,available,9.99,83.99,high,low,7,name.com,,,06/08/2026 19:54
b0eb9e32-5280-4d7c-a2c6-8b8110182679,interviewee.holiday,available,9.99,,high,low,11,name.com,,,
18d4fa8e-493b-4df5-916c-56c053e0df09,atilt.holiday,available,9.99,83.99,medium,low,5,name.com,,,07/08/2026 13:13
93cbbd5c-6695-484e-aa58-7f2fb5d06add,disorganized.holiday,available,9.99,,medium,low,12,name.com,,,
3a80919c-0ad0-4d10-9ea4-7d7ea1add091,belong.holiday,available,9.99,,high,low,6,name.com,,,
51dd9f26-1d52-44d4-8aa4-890b906bfeb1,precise.holiday,available,9.99,,high,low,7,name.com,,,
514f3b3a-84b4-4ec3-a997-3d9034db935e,visible.holiday,available,9.99,,high,low,7,name.com,,,
8c9c0625-afcc-43fd-8f76-ba799df53113,wagon.holiday,available,9.99,,high,low,5,name.com,,,
3da5f842-39a1-40b4-8b8e-6af2b49b37ca,mouthwash.holiday,available,9.99,,high,low,10,name.com,,,
23efb35e-2217-42ba-96ca-9c0b63762d54,smaller.holiday,available,9.99,,high,low,7,name.com,,,
45a3dcb2-d82a-4ca8-b95a-93b0deb2856e,clock.holiday,available,9.99,,high,low,5,name.com,,,
350bd506-b703-44d0-a9c9-ffe3a9755fc3,reported.holiday,available,9.99,,high,low,8,name.com,,,
467ce6e3-d545-49c3-99f1-000493f42521,tasting.holiday,premium,118.8,118.8,high,low,7,namesilo,,,
eacac7fb-0013-4512-ae22-040261a1184b,situated.holiday,available,9.99,,high,low,8,name.com,,,
09dacd23-986c-4bf4-a771-ebd460e73d0e,seeming.holiday,available,9.99,,high,low,7,name.com,,,
53b2b97c-538e-4484-b786-06d8b2f79f93,nutritive.holiday,available,64.99,64.99,high,low,9,namesilo,,,08/09/2026 09:04
f43598b3-b1a4-444a-a571-c0ceb3902215,because.holiday,available,9.99,,high,low,7,name.com,,,
21f82e2e-5071-49b3-8e5f-dde6c96548b0,harold.holiday,available,9.99,,high,low,6,name.com,,,
3efd9348-84d8-4333-881a-5a788a833ee6,diy.holiday,premium,118.8,118.8,high,low,3,namesilo,,,
3db5f075-a3f0-44ac-9ca1-8aaa4b57df89,apodictic.holiday,available,9.99,83.99,medium,low,9,name.com,,,06/08/2026 01:27
1229623a-6b76-4f39-a4c7-e3b5fcb6c5df,speech.holiday,available,9.99,,high,low,6,name.com,,,
b86e13ba-090e-452b-94b5-28516caee215,glasses.holiday,available,9.99,,high,low,7,name.com,,,
333a4bb2-f04f-40e0-964f-5d6191c4fd8a,berserk.holiday,available,9.99,83.99,high,low,7,name.com,,,
190a1f1f-55fa-4a1e-a419-468428a67c7a,control.holiday,available,64.99,64.99,high,low,7,namesilo,,,08/09/2026 08:00
a2f71655-2ca2-47c7-bcc4-15bed3395815,awry.holiday,available,9.99,83.99,medium,low,4,name.com,,,
38da58f6-16b8-4fc3-a635-5224dda4b84f,sense.holiday,available,,,high,low,5,,,,
9b4a2682-4cee-46ed-934e-22b46e1b3322,inside.holiday,available,9.99,,high,low,6,name.com,,,
0410ffb8-03ff-40ba-b302-25169d5fe12d,areal.holiday,available,9.99,83.99,medium,low,5,name.com,,,06/08/2026 17:21
b443023a-adbc-4b7a-97d2-87409a6cd9c3,clarity.holiday,available,9.99,,high,medium,7,name.com,,,
181888b7-9d4f-4e48-b544-efeabe23a225,floor.holiday,available,64.99,64.99,high,low,5,namesilo,,,08/09/2026 02:52
f2e4e29f-7b8f-4bdb-905d-1de06798bec5,sidelong.holiday,available,9.99,83.99,medium,low,8,name.com,,,07/08/2026 03:26
aa170dc8-ba44-4fa8-aafd-e37109867c5b,allergist.holiday,available,9.99,,high,low,9,name.com,,,
bf8c3897-c02c-4e6f-ace8-e3123b6b1e18,deepest.holiday,available,9.99,,medium,low,7,name.com,,,
00be191a-bf04-4fcb-9ba2-f1d1dee4934f,buyer.holiday,available,9.99,,high,low,5,name.com,,,
b006f69b-53ff-49c7-b6fe-57671b59d662,strategic.holiday,available,9.99,,high,low,9,name.com,,,
49745a89-28f5-42e4-b088-8a7c3ffd5ade,arena.holiday,available,9.99,,high,medium,5,name.com,,,
ffbd9b3c-7cd7-4901-bccb-bcc4e6f0cb63,robed.holiday,available,9.99,83.99,medium,low,5,name.com,,,06/08/2026 05:03
a47443e2-cbae-43e4-884a-26bb0e4c8514,fairs.holiday,available,9.99,,high,low,5,name.com,,,
f6ce1cb8-2b35-4508-9ca5-07aeda8e5081,congrats.holiday,available,9.99,,high,low,8,name.com,,,
d619b48a-29cd-4afc-995c-aaec9a06a1a4,lit.holiday,available,9.99,,high,medium,3,name.com,,,
ad5cc00a-8cf8-485a-9c03-6b43bccaf381,waters.holiday,available,9.99,,high,low,6,name.com,,,
32455e5d-f69b-411e-b8ab-7ed1bc624535,eonian.holiday,available,9.99,83.99,medium,low,6,name.com,,,
f646d814-a587-43e5-a32a-a8a3ea13492a,cricket.holiday,premium,123.75,,high,low,7,name.com,,,
6a8d81ed-1a0e-48ac-af25-f2f4b53f8837,clap.holiday,available,9.99,,high,low,4,name.com,,,
c3667a6d-6741-4e50-b471-f792574910f8,daft.holiday,available,9.99,83.99,high,low,4,name.com,,,06/08/2026 20:50
0d98c265-d920-4fb1-98b0-648730f3072e,translation.holiday,available,9.99,,high,low,11,name.com,,,
a769460e-5fdb-4b03-b9b5-483187473282,augean.holiday,available,9.99,83.99,medium,low,6,name.com,,,07/08/2026 16:54
7f1772bf-d993-4f45-b32b-32a0e23f803b,die.holiday,available,9.99,,high,low,3,name.com,,,
30011281-8132-4909-94a1-8aba95b148f9,bets.holiday,available,9.99,,high,low,4,name.com,,,
637bf277-da15-4543-8407-74a12587bd86,identify.holiday,available,9.99,,high,low,8,name.com,,,
71fd57c8-f9f7-45d8-935e-dcd8da4657ce,until.holiday,available,9.99,,high,low,5,name.com,,,
a6c899db-013c-472f-8c2e-e1652608248b,visiting.holiday,available,9.99,,high,low,8,name.com,,,
7bb25e53-1a96-43ce-8fae-31e670a87d55,achaean.holiday,available,9.99,83.99,high,low,7,name.com,,,
fb320f28-dc9c-450e-8dec-33a83cf502af,eyes.holiday,available,9.99,,high,low,4,name.com,,,
b6ceeb30-4d64-46f7-9de0-8361149b2e5e,maths.holiday,available,9.99,,high,low,5,name.com,,,
e19207aa-063f-4a13-b296-5fbe151a90e4,sport.holiday,resell,,,high,low,5,Dynadot Inc,02/02/2026 17:00,02/02/2027 17:00,
78de756a-3e90-458e-b7cd-3771b088b9e4,pissed.holiday,available,9.99,83.99,medium,low,6,name.com,,,
81d1435d-3048-4ae9-af58-fd49eb341450,washington.holiday,premium,118.8,118.8,high,low,10,namesilo,,,
7dfc1fdf-22e9-4186-9f39-d5c26ea353c1,into.holiday,available,9.99,,high,low,4,name.com,,,
b86f5299-8bb2-45cb-8652-22d62860349f,aboriginal.holiday,available,9.99,83.99,high,low,10,name.com,,,
ae83aab7-987f-4e85-bb6b-2f94ac2911f7,carrying.holiday,available,9.99,,high,low,8,name.com,,,
06d717a0-5441-489b-8477-59414aff1d68,clearly.holiday,available,9.99,,high,low,7,name.com,,,
355df6a4-4cb3-4e2d-917f-d77683e995da,auditive.holiday,available,9.99,83.99,medium,low,8,name.com,,,07/08/2026 16:49
45dc51c7-bb47-45e3-8ae4-200b3e45fcf9,marks.holiday,available,9.99,,high,low,5,name.com,,,
4bffb7ea-10f1-49fd-89b0-66c9eec4af3a,xxiv.holiday,available,9.99,83.99,high,low,4,name.com,,,
8ed86dc0-4b71-4bc3-bb4d-ea134299380d,tuesdays.holiday,available,9.99,,high,low,8,name.com,,,
19db0f71-ef29-4b06-bf1a-3e7cc9cc3639,icon.holiday,available,9.99,,high,medium,4,name.com,,,
85637b32-86f5-427e-bd56-a43383f03b33,barbecue.holiday,available,9.99,,high,low,8,name.com,,,
e464a7ea-7b4b-4f1b-85e3-15986ab21b9a,autonomic.holiday,available,9.99,83.99,high,low,9,name.com,,,07/08/2026 20:52
bf4da5fc-0c47-4ee6-86fb-c00ebb40bea3,received.holiday,available,9.99,,high,low,8,name.com,,,
ee6376a7-1657-4133-992a-e0806255ce1a,minutes.holiday,available,9.99,,high,low,7,name.com,,,
ac175bb4-f5bb-4edb-bd7b-f19ca46b83c2,disadvantage.holiday,available,9.99,,high,low,12,name.com,,,
05de9c58-5b1d-430d-bb76-90034699a312,tend.holiday,available,9.99,,high,low,4,name.com,,,
322feae2-c15a-4f93-b687-8644e52daa24,uncover.holiday,available,9.99,,high,low,7,name.com,,,
74949d94-2f18-4ceb-ab74-2db79c3d4b5e,called.holiday,available,9.99,,high,low,6,name.com,,,
1f017372-ac18-46ce-b9e6-13d53a280f09,verify.holiday,available,9.99,,high,medium,6,name.com,,,
8566e41a-0912-4bd9-9271-e513c3b5ab90,orangutan.holiday,available,9.99,,high,low,9,name.com,,,
de4d1d46-6be3-4804-bf62-8262016b5580,crackers.holiday,available,9.99,83.99,high,low,8,name.com,,,06/08/2026 20:45
8e64538c-62f0-4436-b983-65f618d6dcb4,clxxv.holiday,available,9.99,83.99,medium,low,5,name.com,,,
efb71121-7536-40b6-b47c-42d6b4f38c87,myspace.holiday,available,,,high,low,7,,,,
336711ea-66a7-4f7d-804d-35df8cfec6f5,maybe.holiday,available,9.99,,high,low,5,name.com,,,
01ee3bd2-29f4-4804-b9d5-76df5a2554c7,sensing.holiday,available,9.99,,high,low,7,name.com,,,
9ab91ec1-4c9f-4a73-8579-83ac080312ba,prosecution.holiday,available,9.99,,high,low,11,name.com,,,
cfc8f867-c828-4cfa-b2cb-dcf9343f01d3,cnn.holiday,available,9.99,,high,low,3,name.com,,,
7059c5f5-87dc-4a9c-8acb-ecd1d95338ac,timer.holiday,available,9.99,,high,low,5,name.com,,,
3d76e6b4-a4cc-4761-994f-222c043e32fa,church.holiday,premium,118.8,118.8,high,low,6,namesilo,,,
0b0cd2e9-206c-4ae4-8c7e-3c742adc8527,bond.holiday,available,9.99,,high,low,4,name.com,,,
5768700f-e1a2-492a-9baa-2f522eae9766,desk.holiday,available,64.99,64.99,high,low,4,namesilo,,,08/09/2026 08:30
3aa771e6-aab7-47fd-8b48-9c7ddd165dbd,sunrise.holiday,available,9.99,,high,low,7,name.com,,,
af556a9d-5c7c-4dfd-bf3e-51d3bf5b5a30,angolan.holiday,premium,78.54,78.54,high,low,7,namesilo,,,
0a8ddc6c-b329-47d5-a788-6c1adfabd44b,voiceless.holiday,available,9.99,83.99,medium,low,9,name.com,,,05/08/2026 23:23
b8bef4b9-95c1-4db4-a60d-21c756f4415d,prick.holiday,available,9.99,83.99,high,low,5,name.com,,,08/08/2026 23:38
73353079-fe58-4876-b109-cd96602e7351,concern.holiday,available,9.99,,high,low,7,name.com,,,
d7ed1b23-e9d1-4dcd-af91-7732ca77245c,usa.holiday,available,,,high,low,3,,,,
5cff9164-8d12-40cc-a79f-33e90544961d,relevance.holiday,available,9.99,,high,low,9,name.com,,,
b904ad20-b39a-4bde-93d6-2448f5166661,guarantee.holiday,available,9.99,,high,low,9,name.com,,,
981a0e9e-cdc0-4230-af88-986b6a4aa204,backstairs.holiday,available,9.99,83.99,medium,low,10,name.com,,,08/08/2026 06:26
1c668a3d-f2a3-4195-8351-59b7b81d6d8a,amnesiac.holiday,available,9.99,83.99,medium,low,8,name.com,,,
04ffb28b-0e07-4708-9b3f-ba0b12ada3ed,grassroots.holiday,available,9.99,83.99,high,low,11,name.com,,,20/08/2026 18:16
28423aaa-944c-4f94-9d78-fe85608d74d4,abrupt.holiday,available,9.99,83.99,high,low,6,name.com,,,
c8f99d77-5bd0-42fd-94e9-f8b5f8bca497,rihanna.holiday,available,9.99,,high,low,7,name.com,,,
aee929f0-bda1-468f-838b-603e9478d77e,indigenous.holiday,available,9.99,83.99,high,low,10,name.com,,,07/08/2026 19:31
ee9ea9a8-3a6e-4b86-8f4b-2596fddffcea,auld.holiday,available,9.99,83.99,medium,low,4,name.com,,,07/08/2026 17:21
2c4facad-e344-43c0-bbeb-7acfb93740ce,charmed.holiday,available,9.99,83.99,high,low,7,name.com,,,09/08/2026 09:57
bb0b093e-bc2a-4068-b0b3-76edcd1945bb,anger.holiday,available,9.99,,high,low,5,name.com,,,
2fbf6a8a-a302-405e-a1c1-d1133c128359,legs.holiday,available,9.99,,high,low,4,name.com,,,
1bf01349-37fb-438c-a2be-d9039db0346c,bleak.holiday,available,9.99,83.99,medium,low,5,name.com,,,08/08/2026 21:02
b356bbc2-38fe-4a06-b497-4732acfe97b1,guilt.holiday,available,9.99,,high,low,5,name.com,,,
99c84f0e-a001-4afe-8cfc-8b2189bf92ea,conspiracy.holiday,available,9.99,,high,low,10,name.com,,,
c7363656-9809-4a1a-974b-936931ec1cac,smith.holiday,available,9.99,,high,medium,5,name.com,,,
d8a185de-0712-4e68-a10e-9e964fdef26b,buffer.holiday,available,9.99,,high,low,6,name.com,,,
7ae35116-6b88-4cac-9bca-4c33b38fd283,upon.holiday,available,9.99,,high,low,4,name.com,,,
851642c9-7b37-4349-97ce-7ec9f4219919,reserve.holiday,available,9.99,83.99,high,low,7,name.com,,,06/08/2026 09:16
ee79fbf4-c9c5-43ef-bebd-e6ebbbd5a41c,antifungal.holiday,available,9.99,83.99,high,low,10,name.com,,,
a2f00737-a7bd-4207-a581-710e5a277232,asshole.holiday,available,9.99,83.99,medium,low,7,name.com,,,08/08/2026 23:24
71370c1a-bdbf-4c6e-ac79-cdf76e64181c,stations.holiday,available,9.99,,high,low,8,name.com,,,
72896c37-ee7c-4237-9ab4-aeb5c105a5f2,traveling.holiday,available,9.99,,high,low,9,name.com,,,
7e19f83e-fc01-4308-aa4a-31642cfb3248,natural.holiday,available,64.99,64.99,high,low,7,namesilo,,,08/09/2026 12:12
5f013a54-004b-4e63-813c-c2c2141547df,abroach.holiday,available,9.99,83.99,high,low,7,name.com,,,
5900da8b-a176-4eaf-b8b5-0b6bf6281e99,achromatic.holiday,available,9.99,83.99,medium,low,10,name.com,,,
017896df-fb25-4eda-b239-617d24cea5ec,presentation.holiday,available,9.99,,high,low,12,name.com,,,
3fbf0e69-940f-4d14-9380-cebc88dc608e,patent.holiday,available,9.99,83.99,high,low,6,name.com,,,06/08/2026 05:19
0a5975d1-b5c7-4173-a1d3-87f499d05e8b,acinic.holiday,available,9.99,83.99,medium,low,6,name.com,,,
30f18396-8066-4de2-b8ad-a27f5094f9c7,awny.holiday,available,9.99,83.99,medium,low,4,name.com,,,08/08/2026 01:25
d74f4365-a672-40ca-a5d3-5a5f0ff5d4a8,woodsy.holiday,available,9.99,83.99,high,low,6,name.com,,,06/08/2026 13:04
0d4c30ed-3542-4ed2-b1d6-3710e536eedc,incentive.holiday,available,9.99,,high,low,9,name.com,,,
1b669f18-9d08-46b9-a6a3-f61650406eda,beaming.holiday,available,9.99,83.99,high,low,7,name.com,,,09/08/2026 04:03
27a86283-864a-4af5-89b7-52612fe5e397,ding.holiday,available,9.99,,high,low,4,name.com,,,
8fadc5d1-5597-452c-957a-6733dd64b5f9,digits.holiday,available,9.99,,high,low,6,name.com,,,
af473e8e-6159-4d74-9024-94b8603c9b69,ought.holiday,available,9.99,,high,low,5,name.com,,,
d4e33928-8891-473a-af39-fe919d4fea24,aspheric.holiday,available,9.99,83.99,medium,low,8,name.com,,,07/08/2026 04:52
4f21a49b-05e7-421a-9d7f-7ec31b4f5e5b,greetings.holiday,available,9.99,,high,low,9,name.com,,,
70a55601-30ba-434a-a097-1cdf5c4283e1,permutation.holiday,available,9.99,,high,low,11,name.com,,,
dd632669-a1c3-4b06-a994-352c77fef1a3,murder.holiday,available,9.99,,high,low,6,name.com,,,
0f030e09-a0cd-43b5-a514-6434257710fb,ford.holiday,available,,,high,low,4,,,,
10c25e55-be10-4fa3-a253-8455be6762ce,navy.holiday,available,9.99,,high,low,4,name.com,,,
ae5ad8a9-e05f-4876-9468-f404557e79d0,zestful.holiday,available,9.99,83.99,high,low,7,name.com,,,08/08/2026 19:51
4de0d91f-9a97-417b-ba78-b73dde175cba,halo.holiday,available,9.99,,high,medium,4,name.com,,,
29a70ce1-9024-40db-aa7b-eefa8366eb5d,attorney.holiday,available,9.99,,high,low,8,name.com,,,
b986b336-66f5-4780-b366-3d77d9a4d939,singapore.holiday,available,,,high,low,9,,,,
0c62ce7e-8201-4a70-a56d-bfc2b7caf1e1,poisoning.holiday,available,9.99,,high,low,9,name.com,,,
a3346378-ebf3-4b28-8835-c804e045989b,sit.holiday,available,9.99,,high,low,3,name.com,,,
34a8065a-5f0e-4344-8ac3-4e08ac2b99e5,beetle.holiday,available,9.99,83.99,high,low,6,name.com,,,09/08/2026 08:17
bca7d727-d6ec-4dd7-a558-7a8a48adee72,tetrad.holiday,available,9.99,83.99,high,low,6,name.com,,,
13a240b7-1229-4ffa-853a-f7f6c371681b,revised.holiday,available,9.99,,high,low,7,name.com,,,
eaa456f0-ea5a-42a3-8de5-1871b0be5ccd,destiny.holiday,available,9.99,,high,low,7,name.com,,,
88682131-5bb6-4485-9270-40b719384184,induce.holiday,available,9.99,,high,low,6,name.com,,,
73a20416-5787-4fe2-a7fe-cab40e2fb9dc,alert.holiday,available,9.99,83.99,high,low,5,name.com,,,
6ebe0072-0713-4258-aea3-0459a135f4eb,vary.holiday,available,9.99,,high,low,4,name.com,,,
1960fcdd-f1ff-4a8c-8fbd-daf9eb0f3df4,darken.holiday,available,9.99,,high,low,6,name.com,,,
1e861dd1-124f-49c5-8898-694ad8e06df0,systematically.holiday,available,9.99,,medium,low,14,name.com,,,
9efd3599-fc90-4d6d-9a02-b84302f4ce8a,ambient.holiday,available,9.99,83.99,high,low,7,name.com,,,
1dba084c-1122-4c5c-9de8-a4953f4d583a,cipher.holiday,available,64.99,64.99,high,low,6,namesilo,,,08/09/2026 15:11
a8516c75-fa00-4636-b355-a135d25b8909,invent.holiday,available,9.99,,high,low,6,name.com,,,
82ee426b-7818-4695-9a77-1de0607ed6db,clickbait.holiday,available,9.99,,medium,low,9,name.com,,,
59af9be2-c734-4902-b28e-c6df35b14d64,properties.holiday,premium,242,242,high,low,10,namesilo,,,
63debed2-34cc-4615-932d-43f696e9ad18,aaa.holiday,available,9.99,,high,medium,3,name.com,,,
fc1aec0a-d453-4abf-889c-559e4fdf068a,peaking.holiday,available,9.99,,high,low,7,name.com,,,
503fed93-e824-4c09-8a59-840ef8bb86a9,impulse.holiday,available,9.99,,high,low,7,name.com,,,
ae6bb169-a5fc-498c-a61b-49c74ee1d958,advisor.holiday,available,9.99,,high,low,7,name.com,,,
b51da7d0-668f-4413-a290-fae1fc826c71,reebok.holiday,available,9.99,,high,low,6,name.com,,,
0b765272-42ee-4405-aa44-6ec33be48d0e,communicate.holiday,available,9.99,,high,low,11,name.com,,,
512e240a-71a9-4624-b652-64ab0404cefa,monstrous.holiday,available,9.99,83.99,medium,low,9,name.com,,,07/08/2026 14:47
4f61a2af-2221-407b-862b-2fa1787495a0,whatnot.holiday,available,9.99,,high,low,8,name.com,,,
9123f34d-4808-46fd-8e1b-1633794f95fc,documents.holiday,available,9.99,,high,low,9,name.com,,,
2b2db7b7-c636-4763-be74-f10d0d001d6f,worthwhile.holiday,available,9.99,,high,low,10,name.com,,,
9ca538b0-1a87-4aed-b497-1a2cf7e650f1,cali.holiday,available,9.99,,high,low,4,name.com,,,
f7cd1fd1-90c5-4ed0-926c-399a669821d0,granddaughter.holiday,available,9.99,,high,low,13,name.com,,,
10a88e2e-8840-42cc-bf97-ad4049853ceb,march.holiday,available,,,high,low,5,,,,
7d0de051-59b4-42e0-ad7a-9ff5fd514696,scream.holiday,available,9.99,,high,low,6,name.com,,,
e49f7cdc-ed91-409d-9561-1f7e7d525f60,amatory.holiday,available,9.99,83.99,high,low,7,name.com,,,
9eb6ebbc-0335-4145-9072-aa7fded8e687,fourth.holiday,available,9.99,83.99,high,low,6,name.com,,,
61173fce-be60-4d15-97d3-e1a222b95bae,clustered.holiday,available,9.99,83.99,high,low,9,name.com,,,
58ef8a76-f10c-4f03-b6cd-049ced7e7b9a,auric.holiday,available,9.99,83.99,medium,low,5,name.com,,,07/08/2026 17:36
1d2d763c-4933-4720-bab4-cdb1d3002b9b,terms.holiday,available,9.99,,high,low,5,name.com,,,
22ed9c05-859a-4181-bcd2-c4a88cbed5c3,sciences.holiday,available,9.99,,medium,low,8,name.com,,,
f73508cb-257f-4cc4-9d0c-26e67a214c82,acinous.holiday,available,9.99,83.99,medium,low,7,name.com,,,
a79e4dde-fa8d-481f-a7f6-89ae8a832650,nowhere.holiday,available,9.99,,high,low,7,name.com,,,
e16edffe-e6d3-4bbd-bebb-c459fbcb3fc9,bearable.holiday,available,9.99,83.99,medium,low,8,name.com,,,09/08/2026 04:27
a30f58e7-5219-4a4b-b71b-6ac1908589c5,playstation.holiday,available,,,high,low,11,,,,
79f607ac-2728-4930-ad5a-a7a39f97e980,purpose.holiday,available,9.99,,high,low,7,name.com,,,
8beb056c-be99-44ac-9a2c-698e8709a64f,daylight.holiday,available,9.99,,high,low,8,name.com,,,
706b0609-fa76-487c-ae7a-6b41a225255a,condolences.holiday,available,9.99,,high,low,11,name.com,,,
42620469-2857-4c07-a39f-b1202360017f,their.holiday,available,9.99,,high,low,5,name.com,,,
6d59cb3e-e6ac-409b-9280-864b540bbdfd,alate.holiday,available,9.99,83.99,high,low,5,name.com,,,
e694cffc-53fd-4581-9350-b42c15539a95,generators.holiday,available,9.99,,medium,low,10,name.com,,,
2c2aa2d3-4cfb-4ac2-9059-713a5ebdfeea,prehensile.holiday,available,9.99,83.99,medium,low,10,name.com,,,07/08/2026 22:14
b3a03d0b-d7df-4a6f-b98e-6904090b2141,sevener.holiday,available,9.99,83.99,medium,low,7,name.com,,,
2772a8e7-cf8b-4e85-a688-75d12ed36a0b,canal.holiday,available,9.99,,high,low,5,name.com,,,
7c6cfb56-9c15-4661-90d0-bd0602e671f8,redemption.holiday,available,9.99,,high,low,10,name.com,,,
2ca206eb-c24c-446f-920a-ed48477a303d,according.holiday,available,9.99,83.99,high,low,9,name.com,,,
066f71fb-5018-451a-a464-d1cf0b17f98a,interact.holiday,available,9.99,,high,low,8,name.com,,,
55ac3391-cc1a-409a-8740-ece40d8a5b76,fiercely.holiday,available,9.99,,medium,low,8,name.com,,,
284d8f7e-a8ec-46ec-bbca-5589e34cbf11,speedup.holiday,available,9.99,,high,low,8,name.com,,,
7807bbf7-fb70-4c98-b797-7af2111aaaf0,bulb.holiday,available,9.99,,high,low,4,name.com,,,
7ad14d4b-af78-440d-bfef-9273a35b1474,maternal.holiday,available,9.99,,high,low,8,name.com,,,
aa17be9b-46b7-4cfd-a942-2685db454c73,publicized.holiday,available,9.99,,high,low,10,name.com,,,
b27eee79-d6ce-4194-a25b-ba3ad4085e75,ratter.holiday,available,9.99,83.99,low,low,6,name.com,,,06/08/2026 04:00
e017bd3a-5c26-4eb0-bffc-c1093855b24b,seeds.holiday,available,9.99,,high,low,5,name.com,,,
219d31a8-46ce-422f-935a-0707001ccc70,reunion.holiday,available,9.99,,high,medium,7,name.com,,,
b742b82b-f181-4e7a-a0a8-4882c8540717,press.holiday,available,9.99,,high,low,5,name.com,,,
85ea1cf7-0d4c-4f4d-b59d-f909742d4cd5,bathroom.holiday,available,9.99,,high,low,8,name.com,,,
f2b78701-bc2d-46df-bab1-088880b7823c,castellano.holiday,available,9.99,,medium,low,10,name.com,,,
cde8305b-4cbe-44cd-8bb9-972923689363,sudden.holiday,available,9.99,,high,low,6,name.com,,,
42977e29-ceae-474d-a2d6-898c11bd2372,mentor.holiday,available,9.99,,high,low,6,name.com,,,
3b3a431d-be83-4a9c-a7c8-d09398333b09,oxygen.holiday,available,9.99,,high,low,6,name.com,,,
eb779736-3968-471d-ae72-d27005a827b3,sun.holiday,premium,242,242,high,medium,3,namesilo,,,
00492495-dfee-42d8-8963-83a1859a6cd2,aeronautic.holiday,available,9.99,83.99,high,low,10,name.com,,,
f8e2549d-62a2-472d-a89d-8ed1edd74e59,migrate.holiday,available,9.99,,high,low,7,name.com,,,
2776b6fe-250e-4dea-80e0-d4c44d692888,confide.holiday,available,9.99,,high,low,7,name.com,,,
e9c9d2d5-4307-4bb1-938f-5b7a30defb25,sympathy.holiday,available,9.99,,high,low,8,name.com,,,
347e9b42-c632-4d7d-8b60-320280a7d91b,workfare.holiday,available,9.99,,high,low,8,name.com,,,
b53b2f35-ff40-45ad-89f7-8832ec8f7a84,lithuania.holiday,available,,,high,low,9,,,,
4be1ebea-ceaa-4f61-b8da-0482e37af491,paste.holiday,available,9.99,,high,low,5,name.com,,,
040fbe57-8d44-4e19-8c19-778afe658e4c,choc.holiday,available,9.99,,high,low,4,name.com,,,
73dfec37-525d-4f33-969a-af285ce649a3,mouth.holiday,available,64.99,64.99,high,low,5,namesilo,,,08/09/2026 03:51
cacc699e-328d-4a5a-bd1b-4b3abc1656b4,foreign.holiday,available,9.99,83.99,high,low,7,name.com,,,
82c4fdb4-de10-4da9-a676-ec582f59f29a,muffin.holiday,available,9.99,,high,low,6,name.com,,,
8eec3938-7f99-4373-915d-d69a512127a7,chiliad.holiday,available,,,medium,low,7,,,,
5db8aedd-78d9-4d6a-ab39-3937981b809b,cabbage.holiday,available,9.99,,high,low,7,name.com,,,
1745d177-7870-4ca8-a656-0617302712a6,sealed.holiday,available,9.99,,high,low,6,name.com,,,
a65aa46b-6ac8-46ff-852c-21b2e48cf50a,irons.holiday,available,9.99,,high,low,5,name.com,,,
e4304d70-f636-4cf7-80b3-94a0ebfe8fba,contact.holiday,available,9.99,,high,medium,7,name.com,,,
f5fbd445-603a-4e47-bdfb-b8d04d824bba,thunder.holiday,available,9.99,,high,low,7,name.com,,,
4f97b198-800f-4ca4-9a73-a41b755681f3,aft.holiday,available,9.99,83.99,high,low,3,name.com,,,
83c5b19a-4e6b-4b13-9a6e-a5423b02bece,microphone.holiday,available,9.99,,high,low,10,name.com,,,
b3c4e427-d659-4c23-a7ad-07bbb61e113f,chime.holiday,available,9.99,,high,low,5,name.com,,,
8cf65c43-caaf-41f1-b1c1-5782b8a68e61,participant.holiday,available,9.99,,high,low,11,name.com,,,
bc5f0f23-7bbe-4040-8757-c558ba86f99c,younger.holiday,available,9.99,,high,low,7,name.com,,,
7ab67ddc-53b3-4831-911c-f56fcc94a24a,dominance.holiday,available,9.99,,high,low,9,name.com,,,
4be92cbd-4592-4e7e-b5b7-514c2337352d,hahaha.holiday,available,9.99,,high,low,6,name.com,,,
331b00f7-d52b-4ab4-abe9-518a56de72ce,americas.holiday,available,9.99,,high,low,8,name.com,,,
25102d58-e3c7-4b7b-bf38-d07c84c7474c,disclosure.holiday,available,9.99,,high,low,10,name.com,,,
0257c27b-b4cb-495f-ab0d-fec2a84d4619,job.holiday,resell,,,high,low,3,"Sav.com, LLC - 11",16/07/2025 15:15,16/07/2027 15:15,19/09/2026 08:31
9017e214-6b4f-451b-b443-a2a47c563cfb,same.holiday,available,9.99,,high,low,4,name.com,,,
30cdb474-7c56-48b7-a23a-8302b8ebc59b,diagonal.holiday,available,9.99,83.99,medium,low,8,name.com,,,07/08/2026 04:07
96139f77-7e08-4ddc-8512-07de980eef8c,try.holiday,available,9.99,,high,low,3,name.com,,,
6fd19a45-e5cb-4cb7-8789-88074faf4b79,encouraging.holiday,available,9.99,,high,low,11,name.com,,,
e1ed1479-9a73-4289-92b0-b91fc690b5ee,measure.holiday,available,9.99,,high,low,7,name.com,,,
1ff1108b-2f00-40a5-b928-414d1eead710,balls.holiday,available,9.99,,high,low,5,name.com,,,
7d356143-d8c7-406a-b985-123dc415b6c2,delighted.holiday,available,9.99,83.99,high,low,9,name.com,,,09/08/2026 10:01
23a2c002-4e95-477d-90fb-cd69fd8e14c1,melt.holiday,available,9.99,,high,low,4,name.com,,,
ecf2baac-392f-497f-8863-effb29749d1a,adhesive.holiday,available,9.99,83.99,high,low,8,name.com,,,
b44d2ed0-3e97-4dd9-b625-d96679ca63a9,prototypic.holiday,available,9.99,83.99,medium,low,10,name.com,,,06/08/2026 15:42
6db33170-b105-4086-872e-18b988eb8230,racing.holiday,premium,78.54,78.54,high,low,6,namesilo,,,
bcb0997c-ee0a-4791-b875-2ad9dc415c93,acold.holiday,available,9.99,83.99,medium,low,5,name.com,,,
ee059014-04ca-43c2-b9eb-89bdb1f525b2,preview.holiday,available,9.99,,high,low,7,name.com,,,
9de246a7-66fa-459e-96bc-5fa9e35b906b,westcott.holiday,available,9.99,,medium,low,8,name.com,,,
b4f1c16e-3e4b-49bc-b888-f7a6d2efa9eb,pies.holiday,available,9.99,,medium,low,4,name.com,,,
c3877b18-67b3-4480-92fc-92222877e426,steal.holiday,available,9.99,,high,low,5,name.com,,,
37cfe8dd-48cd-4d63-8cd6-c4925faca7e8,hurt.holiday,available,9.99,,high,low,4,name.com,,,
041e5dac-253b-4817-ba3b-962c54a564ef,nyt.holiday,available,9.99,,high,low,3,name.com,,,
a9e06b57-702e-46d2-a534-870fea9504a6,buttonlike.holiday,available,9.99,83.99,medium,low,10,name.com,,,09/08/2026 03:39
7a75b44a-ad1a-4f95-a49a-177058cb042a,hipaa.holiday,available,9.99,,high,low,5,name.com,,,
aa0a8050-7c35-4e2f-b0d9-f6458acce3e4,approval.holiday,available,64.99,64.99,high,low,8,namesilo,,,08/09/2026 15:18
039d5758-d1f2-4c58-b8ea-0c72a6124f2f,fidgety.holiday,available,9.99,83.99,high,low,7,name.com,,,05/08/2026 20:32
6a8c61fb-cb55-4f8b-99f6-6aefc78d6118,sailor.holiday,available,9.99,,high,low,6,name.com,,,
0a701072-d577-4ceb-8a0e-14fb8e0fc812,conjunction.holiday,available,9.99,,high,low,11,name.com,,,
e0b22864-3957-4ff5-9f49-0d80baad222a,ruin.holiday,available,9.99,83.99,high,low,4,name.com,,,08/08/2026 13:39
5295b531-d497-4c5e-8f35-580df723ea78,awol.holiday,available,9.99,83.99,high,low,4,name.com,,,08/08/2026 01:46
d5bde984-dd0f-4283-8849-d3f45f6d58a6,awheel.holiday,available,9.99,83.99,medium,low,6,name.com,,,08/08/2026 01:05
17537259-ad02-4cc4-b82e-f53cd3060168,shame.holiday,available,9.99,,high,low,5,name.com,,,
87be3ddb-7eea-4f63-b0f9-54b51022e58d,artless.holiday,available,9.99,83.99,high,low,7,name.com,,,06/08/2026 23:47
c3c443a7-dc2b-4a49-9a2d-c49424448285,courage.holiday,available,9.99,,high,low,7,name.com,,,
6c7a9451-49fd-47ed-b2f9-0d82540a9f8f,screenshot.holiday,available,9.99,,high,low,10,name.com,,,
eb4cf7a0-9816-4157-aa5e-9dc967a03790,nebraska.holiday,premium,118.8,118.8,high,low,8,namesilo,,,
785c948b-1a61-4016-9ea6-763c666aaabf,interpret.holiday,available,9.99,,high,low,9,name.com,,,
7e24a7c4-34e1-46dc-b6e7-0d69a6211c0a,agnatic.holiday,available,9.99,83.99,medium,low,7,name.com,,,
ea31d6cf-da43-431c-a098-a2cfd917295d,guitar.holiday,available,9.99,,high,low,6,name.com,,,
47dee341-390d-41f0-b3d5-b83236dec9cd,vegetable.holiday,available,9.99,,high,low,9,name.com,,,
1711d2ff-5193-4b06-ad76-3347224f4c4b,razor.holiday,available,9.99,,high,low,5,name.com,,,
da503749-1838-4a7c-ae60-8f3dd8fd9c70,valued.holiday,available,9.99,,high,low,6,name.com,,,
0b1a764c-b7fb-43f6-8685-d81f01e304d9,standing.holiday,available,9.99,,high,low,8,name.com,,,
6e07f315-54e9-4fd5-b6b8-a0f205b849e4,database.holiday,available,9.99,,high,low,8,name.com,,,
611281ff-2dbc-4881-8d0d-4b0805aa570a,charles.holiday,available,9.99,,high,low,7,name.com,,,
5ac584f5-02c8-455b-b3c3-c84fa19d0af5,swing.holiday,available,9.99,,high,low,5,name.com,,,
3dbc3c0b-48a5-437b-9b36-c10edc111cef,berlin.holiday,premium,118.8,118.8,high,low,6,namesilo,,,
f1216b43-9117-4f31-998a-24ae624a4ca6,diverted.holiday,available,9.99,83.99,high,low,8,name.com,,,
fd499429-32f8-4985-b709-6c328206441d,worst.holiday,available,9.99,,high,low,5,name.com,,,
bf6d5546-5d11-432d-85f4-12c058d68bc6,anuran.holiday,available,9.99,83.99,medium,low,6,name.com,,,05/08/2026 20:48
752f564d-f4d5-449a-8101-bc182a0b39a7,leasing.holiday,available,9.99,,high,low,7,name.com,,,
8533e661-b7bc-489c-ac4a-db02e6844a2f,panoptic.holiday,available,9.99,83.99,medium,low,8,name.com,,,
b233b3d9-c75b-4ddf-8b78-f082fbe5cc99,adenoid.holiday,available,9.99,83.99,medium,low,7,name.com,,,
7e03014b-d7ef-4b5e-960e-73128d402561,ballistic.holiday,available,9.99,83.99,high,low,9,name.com,,,08/08/2026 10:31
afab065e-c6ec-4d40-a60f-ca8770ecf749,converge.holiday,available,9.99,,high,low,8,name.com,,,
b3de5628-12f3-43d3-bcb5-abb148f3c4f5,improve.holiday,available,9.99,,high,low,7,name.com,,,
5c434e16-06c8-4c94-b14a-8bdda7e84361,mint.holiday,available,,,high,low,4,,,,
3a95f172-429c-41bf-85fa-061046f1e89c,judges.holiday,available,9.99,,high,low,6,name.com,,,
08b9d599-24d8-4c51-9736-1edc3351486f,overflow.holiday,available,9.99,,high,low,8,name.com,,,
7c7ba8f7-a9e0-4406-8c88-b88287741fe3,prison.holiday,available,9.99,,high,low,6,name.com,,,
5e65012e-300b-4e44-865e-f4f70c59887c,cerulean.holiday,available,9.99,83.99,high,low,8,name.com,,,08/08/2026 03:10
5965b631-9ef3-4193-a4bf-e0312a11bffe,campaigner.holiday,available,9.99,,high,low,10,name.com,,,
3923e738-39b6-47f8-a8cf-6622d08c67aa,getting.holiday,available,9.99,,high,low,7,name.com,,,
a70e1be7-8255-4826-abc7-b0897fc871ed,skype.holiday,available,,,high,low,5,,,,
01a9cda2-e12c-44fb-8869-9a48afbbd703,psychic.holiday,available,9.99,,high,low,7,name.com,,,
949dbd1f-0a93-4e07-b8e4-7ed61c9e1fdd,seasick.holiday,available,9.99,83.99,high,low,7,name.com,,,
c4ad7b2d-8245-4987-b155-46e1ed5e1a15,merely.holiday,available,9.99,,high,low,6,name.com,,,
91f630c9-f458-40e9-b0c4-e2f767666ff0,pinging.holiday,available,9.99,,high,low,7,name.com,,,
7819d24e-e01b-4249-a57e-36cd2f929c74,surprising.holiday,available,9.99,,high,low,10,name.com,,,
9b4712c9-930c-4fae-8939-8147f653cf1a,supplies.holiday,available,9.99,,medium,low,8,name.com,,,
237ac4fc-d340-447d-b91f-5676676ab189,disneyland.holiday,available,9.99,,high,low,10,name.com,,,
b2f488aa-91a5-463d-897d-a199a67e65d8,organized.holiday,available,9.99,,high,low,9,name.com,,,
f2157b7c-b62d-4f75-ad87-1405a3c173fe,vengeful.holiday,available,9.99,,medium,low,8,name.com,,,
c5eee19c-b921-4769-aef1-5175b8114e76,came.holiday,available,9.99,,high,low,4,name.com,,,
60bb98a9-836b-4ca1-a0cb-20fc32f93526,tillable.holiday,available,9.99,83.99,medium,low,8,name.com,,,06/08/2026 11:25
75b4b82a-5e79-4fc8-9901-1c134db4725f,minuscule.holiday,available,9.99,,high,low,9,name.com,,,
6aff922d-da3d-44bf-959d-2a1fa054da0a,accretive.holiday,available,9.99,83.99,medium,low,9,name.com,,,
56e0304f-d115-43cb-9cda-a22bafe82aba,bolster.holiday,available,9.99,,high,low,7,name.com,,,
272c13e8-453f-4eaa-8efd-1a41852a9036,thing.holiday,available,9.99,,high,low,5,name.com,,,
b63aba28-9fc1-464e-a43a-ed468b5f3f41,corona.holiday,available,,,high,low,6,,,,
3dd2e9b8-36ff-41f8-89bd-896906e31231,separation.holiday,available,9.99,,high,low,10,name.com,,,
5f4d0f81-cab7-4135-9786-f9b924999db3,torturing.holiday,available,9.99,83.99,medium,low,9,name.com,,,
99046541-df65-4e08-9ca1-445e395c9acb,watching.holiday,available,9.99,,high,low,8,name.com,,,
ea622fff-3d7b-43e5-8c56-662a3cd9a921,pleased.holiday,available,9.99,,high,low,7,name.com,,,
04b8cfe1-b348-4d54-a47b-36810b756a49,united.holiday,available,9.99,,high,medium,6,name.com,,,
d7fec4ea-13ef-42b6-a766-047e12a8195b,monetary.holiday,available,9.99,,high,low,8,name.com,,,
2dbabee4-a87a-4b22-b694-9f512e6c95de,whereby.holiday,available,9.99,,medium,low,7,name.com,,,
cbb254b1-ff02-4adc-8207-9a65b3476de6,ladder.holiday,available,9.99,,high,low,6,name.com,,,
94358f8a-fbdd-41c9-bccc-a62627a550d1,too.holiday,available,9.99,,high,low,3,name.com,,,
6f1b3e32-a17e-496d-8eb4-2706f6c90a8f,bryan.holiday,available,9.99,,high,low,5,name.com,,,
6409aa88-327d-4286-9b3e-0715728fc428,disciple.holiday,available,9.99,83.99,high,low,8,name.com,,,
4ad96cd1-dc05-41d8-bb6a-d92549d8e2cf,asiatic.holiday,available,9.99,83.99,medium,low,7,name.com,,,07/08/2026 02:29
db206467-85c8-4082-a9ee-783af6846ce0,salary.holiday,available,9.99,,high,low,6,name.com,,,
89b68afa-9d36-4b21-a85c-7a82a1f731c7,spherical.holiday,available,9.99,83.99,high,low,9,name.com,,,08/08/2026 10:21
a7dacc56-23a9-4de7-b630-065347d6a748,exhaustion.holiday,available,9.99,,medium,low,10,name.com,,,
9ee65dbe-ec5f-491b-8d56-c9dfb0accd58,foursome.holiday,available,9.99,83.99,high,low,8,name.com,,,
fd5c405d-af60-46b5-ad92-5b9745291beb,island.holiday,premium,500,,high,low,6,name.com,,,
f5548ee5-9700-4c5c-8bb7-613dab2c88de,shoeless.holiday,available,9.99,83.99,medium,low,8,name.com,,,08/08/2026 19:04
78b7eea8-51a0-4727-9833-b6f7b254d783,wikimedia.holiday,available,,,medium,low,9,,,,
37e474e7-cdb9-41e4-a463-a53bf2e175fa,dilute.holiday,available,9.99,83.99,high,low,6,name.com,,,
69e8eb25-3ce0-42e0-b393-f368743e8aa9,chips.holiday,available,9.99,,high,low,5,name.com,,,
b8c03b0c-449a-46ff-aa35-bc2e5cb10c55,critique.holiday,available,9.99,,high,low,8,name.com,,,
732d895c-ad42-46cb-b4e3-5f432767ed9b,embrace.holiday,available,9.99,,high,low,7,name.com,,,
7b3950b3-a6a8-467f-98ee-b1ac1a16d616,everything.holiday,available,9.99,,high,medium,10,name.com,,,
72ac560c-ec65-41ab-b5aa-a9e19728b0d2,corn.holiday,available,9.99,,high,low,4,name.com,,,
0ec20d22-1cd9-439f-a887-536045648eb9,phone.holiday,premium,118.8,118.8,high,low,5,namesilo,,,
6f741d7f-dfb1-4b08-91d0-ec33993b36d2,lowly.holiday,available,9.99,83.99,medium,low,5,name.com,,,08/08/2026 21:38
ff90a79e-1aee-46df-b70b-195f7e724e04,bawdy.holiday,available,9.99,83.99,medium,low,5,name.com,,,09/08/2026 02:05
6e4890da-1521-4e1a-9b84-be49df67aba2,male.holiday,available,9.99,,high,low,4,name.com,,,
3560b361-cd8e-4268-80f1-9b10e823856a,absurd.holiday,available,9.99,83.99,high,low,6,name.com,,,
17ff51c8-3a82-46cd-bdfb-edc6de945a0d,superbly.holiday,available,9.99,,high,low,8,name.com,,,
03174cca-cfdd-47c8-8f03-704464a4eaf2,gaming.holiday,available,9.99,,high,low,6,name.com,,,
f9379e83-63ed-453d-8d0a-20846064d799,cassette.holiday,available,9.99,,high,low,8,name.com,,,
c0ecad1c-ed18-48ec-89e1-3682e3f5d0ab,brain.holiday,available,9.99,,high,medium,5,name.com,,,
0ae68301-c66d-40a5-bf37-cdd23177ac80,export.holiday,available,9.99,,high,low,6,name.com,,,
42fec881-9519-4216-98a1-dfd8a3b9051c,aching.holiday,available,9.99,83.99,medium,low,6,name.com,,,
d9cd78dd-04c8-4f1b-999f-9a43b6feb4a2,noise.holiday,available,9.99,,high,low,5,name.com,,,
f7c9f06c-cb37-41a3-bf2e-d113b0b3a469,beamish.holiday,available,9.99,83.99,medium,low,7,name.com,,,09/08/2026 04:08
652af423-de06-4e13-8aba-e6b96ac2b798,message.holiday,available,64.99,64.99,high,low,7,namesilo,,,08/09/2026 08:47
e6487e4e-c24c-4441-b360-8894848c19bd,matched.holiday,available,9.99,,high,low,7,name.com,,,
60b66499-1f81-4401-8300-368753aa7965,valueable.holiday,available,9.99,,medium,low,9,name.com,,,
f084b967-4366-4f26-b42f-e4b7d5b701d3,numbers.holiday,available,9.99,,high,low,7,name.com,,,
06f4b5f9-d86d-4681-be67-f244d776ad62,sevenup.holiday,available,9.99,,high,low,8,name.com,,,
7d6dd824-9dbc-46b0-96fd-2141cb239172,direction.holiday,available,9.99,,high,low,9,name.com,,,
7285d65c-c71d-4a99-8276-d3c72246bfae,argive.holiday,available,9.99,83.99,high,low,6,name.com,,,06/08/2026 18:27
37fd421e-b414-42f1-bbde-4432fba71955,atrip.holiday,available,9.99,83.99,medium,low,5,name.com,,,07/08/2026 14:33
9adb00cc-f3f5-441f-9046-2f567170848d,mission.holiday,available,9.99,,high,medium,7,name.com,,,
70e94b12-18b4-450b-9f0b-9859b5c71f8c,motivation.holiday,available,9.99,,high,low,10,name.com,,,
dc992114-278a-4912-97cc-1a10447269df,monday.holiday,available,9.99,,high,low,6,name.com,,,
110d1ff1-e609-44f7-9597-d8724bdb1cdf,shoplift.holiday,available,9.99,,medium,low,8,name.com,,,
7d5e9025-a3b6-4568-8153-86f758674dde,attired.holiday,available,9.99,83.99,medium,low,7,name.com,,,06/08/2026 04:47
7ffed157-8e32-4cb9-a8f7-6548390449b6,becalmed.holiday,available,9.99,83.99,medium,low,8,name.com,,,09/08/2026 06:03
e0a7092a-2c1c-464b-9c68-e81f2f14b941,criticise.holiday,available,9.99,,high,low,9,name.com,,,
213bc166-48ff-4f82-83ab-6dcf44fa9db7,juice.holiday,available,9.99,,high,low,5,name.com,,,
002f7508-be06-4f08-a4b4-6e9b8d546a43,aphoristic.holiday,available,9.99,83.99,medium,low,10,name.com,,,05/08/2026 23:31
ec640b0f-25fe-4c21-bd49-b54a4f51b7a7,asexual.holiday,available,9.99,83.99,high,low,7,name.com,,,07/08/2026 01:33
031889b9-1273-4f07-b659-7ac7c39e0657,policies.holiday,available,64.99,64.99,medium,low,8,namesilo,,,04/09/2026 07:55
813fae93-7e68-4d0c-add6-586bd22419e6,claim.holiday,available,9.99,,high,low,5,name.com,,,
642f8e89-ea45-478a-b757-782bfb4b5d6a,fanny.holiday,available,9.99,83.99,medium,low,5,name.com,,,09/08/2026 12:00
1266a470-4cc6-4613-ab58-66788df0d9a3,ignite.holiday,available,9.99,,high,low,6,name.com,,,
f36f3c01-5c95-41fe-88bd-f4f59ba3ad4c,steel.holiday,available,9.99,,high,low,5,name.com,,,
e4ee14dc-6c28-45d6-93d5-40987106eeb2,saving.holiday,premium,82.5,,high,low,6,name.com,,,
45129be6-f293-439a-adfc-4770ada73165,axiomatic.holiday,available,9.99,83.99,high,low,9,name.com,,,05/08/2026 23:27
9859417b-0c51-4b3f-a6a9-296594a443d9,perhaps.holiday,available,9.99,,high,low,7,name.com,,,
a500db9a-7987-4afb-baf9-8c20cc78116e,comprise.holiday,available,9.99,,high,low,8,name.com,,,
bcb3851b-4c98-45b5-b14f-e9b97efe38ee,bar.holiday,available,9.99,,high,low,3,name.com,,,
7cf123a7-16d5-4783-875f-c6640fc1c1ca,smiling.holiday,available,9.99,,high,low,7,name.com,,,
f39f769a-70fa-4382-beae-bffee263c653,daring.holiday,available,9.99,83.99,high,low,6,name.com,,,07/08/2026 21:39
93ad247d-fe4e-4a31-a63e-a075de940076,threesome.holiday,available,9.99,83.99,high,low,9,name.com,,,
0cd2e84c-2f41-450c-8c7d-680538d1980d,affixal.holiday,available,9.99,83.99,medium,low,7,name.com,,,
ab3fa61e-abb9-48b3-be83-653378d7cc19,lockbox.holiday,available,9.99,,high,low,7,name.com,,,
3f4b91d1-4ea5-4d85-b10d-c657a244ed00,singletree.holiday,available,9.99,,medium,low,11,name.com,,,
2a5bc816-5226-4608-b3af-7da7a24a5f23,wonderfully.holiday,available,9.99,,high,low,11,name.com,,,
39baa549-6cee-4200-91fc-bac0c409d095,knew.holiday,available,9.99,,medium,low,4,name.com,,,
3eb76a36-835b-408f-8358-f738cb996444,third.holiday,available,9.99,83.99,high,low,5,name.com,,,
b6480906-461b-430d-b246-5473828bc4ae,ataraxic.holiday,available,9.99,83.99,medium,low,8,name.com,,,07/08/2026 12:49
e2bdab0d-1127-4446-84ed-6b97c0cfa7a0,trillionaire.holiday,available,9.99,,high,low,12,name.com,,,
dbc4a8c8-23f7-4675-846f-984eba08cc17,acrobatic.holiday,available,9.99,83.99,high,low,9,name.com,,,
f6040dab-b64e-4f64-9932-9e489f79528a,alpine.holiday,available,,,high,low,6,,,,
20b1b481-18fa-454e-b937-0d39e996f3a0,apical.holiday,available,9.99,83.99,high,low,6,name.com,,,05/08/2026 23:58
d0ec9a2e-f01e-4980-8ff5-2f5406146c17,android.holiday,available,,,high,medium,7,,,,
bf47a0c9-5d08-4371-8522-74d43dcc588f,attenuate.holiday,available,9.99,83.99,medium,low,9,name.com,,,07/08/2026 15:21
55a7b05b-4a82-4c95-88cd-65d5a0e6ebe5,advantage.holiday,available,9.99,,high,low,9,name.com,,,
c4a93d61-191e-47cb-a509-96ffc7a828d4,baffling.holiday,available,9.99,83.99,medium,low,8,name.com,,,08/08/2026 08:02
3aa7cee8-dbfc-45ff-b671-a2932e345759,qualification.holiday,available,9.99,,high,low,13,name.com,,,
d16db61b-412a-4cb9-aa0d-0578998b1f41,saddle.holiday,available,9.99,,high,low,6,name.com,,,
b19957a0-bc20-40d8-a939-a0e895bbfe1c,eclipse.holiday,available,9.99,,high,low,7,name.com,,,
c6450e0c-bf26-476d-a315-a864430dc22f,chanukah.holiday,available,9.99,,high,low,8,name.com,,,
c23d3dad-93ab-4ac6-888f-309c40e87ea1,identical.holiday,available,9.99,,high,low,9,name.com,,,
22f77e2d-6d14-412e-b612-b01f9625021a,doctor.holiday,available,9.99,,high,low,6,name.com,,,
e570a384-5ec4-4a10-8a77-13ff52691d71,bargain.holiday,premium,118.8,118.8,high,low,7,namesilo,,,
38f00120-caca-4326-a1a8-97e629b2f256,accused.holiday,available,9.99,,high,low,7,name.com,,,
629a4ded-bfce-40a6-92f6-7966dd4270b6,albanian.holiday,available,9.99,83.99,high,low,8,name.com,,,
e7e126ee-c096-42c8-a302-8810f51b3820,aphonic.holiday,available,9.99,83.99,medium,low,7,name.com,,,05/08/2026 23:17
fb08c1bf-29ff-4479-88d9-e0ee25666582,mixing.holiday,available,9.99,,high,low,6,name.com,,,
688e86c0-abd4-42eb-b508-2a66241263c1,quint.holiday,available,9.99,83.99,medium,low,5,name.com,,,
c9ca46a4-798d-43dc-bad6-0aa745253356,puzzled.holiday,available,9.99,83.99,high,low,7,name.com,,,07/08/2026 10:53
6bed8070-630a-4e5e-909c-409397b4f4eb,beach.holiday,available,,,high,low,5,,,,
d2f8f126-0011-482a-ba82-dea0c583dc50,sheet.holiday,available,9.99,,high,low,5,name.com,,,
8b93f83d-85c7-49ea-8963-51b82a88dc1e,overhead.holiday,available,9.99,,high,low,8,name.com,,,
f5a84e56-120d-444b-ace0-0084e555db60,iii.holiday,available,9.99,83.99,high,low,3,name.com,,,
c09918b6-93d1-44a8-a5ab-f0793613e7c3,await.holiday,available,9.99,,high,low,5,name.com,,,
a31c3ce2-4516-47d0-ac6d-0f68e56d5258,wholly.holiday,available,9.99,83.99,high,low,6,name.com,,,
d009016b-c2ab-4a59-8743-d5256daa7150,omnipotent.holiday,available,9.99,83.99,high,low,10,name.com,,,
5c5438b4-60ea-4edc-8b2b-10ad3271b7b0,adducent.holiday,available,9.99,83.99,medium,low,8,name.com,,,
b4846bc8-c292-4b9b-ba26-339dd2603847,hangout.holiday,premium,78.54,78.54,high,low,8,namesilo,,,
879b554b-b90e-404c-8cac-6f91f984c122,remover.holiday,available,9.99,,high,low,7,name.com,,,
ba034f16-872c-463d-9f2c-78876f47b9a0,volleyball.holiday,available,9.99,,high,low,10,name.com,,,
cffa47c6-20aa-45c0-b837-d7a0c0b405e0,between.holiday,available,9.99,,high,low,7,name.com,,,
5849d526-4d94-425c-a134-02f0ea15a144,globular.holiday,available,9.99,83.99,high,low,8,name.com,,,08/08/2026 10:06
0c6e769e-5696-4c9d-9764-794b1fdcd230,exposure.holiday,available,64.99,64.99,high,low,8,namesilo,,,08/09/2026 13:44
1314703e-e547-47ea-9aba-8f4f387e9739,autarkic.holiday,available,9.99,83.99,medium,low,8,name.com,,,07/08/2026 18:47
2586dfc7-08fd-4ddd-a98c-7dd1a335d8da,stands.holiday,available,9.99,,medium,low,6,name.com,,,
50bea2fe-88c0-4dd9-8771-d7a432fbb240,steam.holiday,available,9.99,,high,medium,5,name.com,,,
b67beaaf-9230-4847-8365-22b9349bef30,indorse.holiday,available,9.99,83.99,medium,low,7,name.com,,,08/08/2026 05:17
a740736c-7438-4657-bcdc-cbfbd047ced5,wishing.holiday,available,9.99,,high,low,7,name.com,,,
bcae77ae-7645-4c35-b1c5-cddc6b9038e3,buttocks.holiday,available,9.99,83.99,medium,low,8,name.com,,,09/08/2026 10:25
6922b458-0b76-430c-8489-0ae98e6b72b2,airtight.holiday,available,9.99,83.99,high,low,8,name.com,,,
9a5135d1-e070-4312-b6ec-300450442349,adulterate.holiday,available,9.99,83.99,medium,low,10,name.com,,,
dca913c2-e0a0-4642-9283-7b43bdecd99b,eolotropic.holiday,available,9.99,83.99,medium,low,10,name.com,,,
461690e7-c89a-4096-b48f-6f4b9d4cabb9,clerk.holiday,available,9.99,,high,low,5,name.com,,,
6b341d06-6dce-42ba-9671-c5d03f777626,blowout.holiday,available,9.99,,high,low,7,name.com,,,
d9e1e2fb-f77a-42e0-8d46-44e06792a2de,catch.holiday,available,9.99,,high,low,5,name.com,,,
4b04b182-4240-42c7-b7d7-0a12cfcc0d66,tin.holiday,available,9.99,,high,low,3,name.com,,,
978cebcf-1b7e-47ad-a1da-8c8d7492a291,relate.holiday,available,9.99,83.99,high,low,6,name.com,,,07/08/2026 07:03
456d4e7a-5fb4-41df-8f22-ef1d8a347164,courtroom.holiday,available,9.99,,high,low,9,name.com,,,
e81043ac-8be2-4e1e-bc4c-23678cd7928f,substantial.holiday,available,9.99,,high,low,11,name.com,,,
d315e83d-860f-49e1-8b9e-13b399a9810a,hbo.holiday,available,,,high,low,3,,,,
78607b66-5d78-4ad9-84d5-c4a8fbaff5ab,depend.holiday,available,9.99,,high,low,6,name.com,,,
8f1bf806-edf2-4451-81f5-8ffa656dbd10,abundantly.holiday,available,9.99,,high,low,10,name.com,,,
d1a93e7d-b923-4069-b8e5-c1b873730394,adrift.holiday,available,9.99,83.99,high,low,6,name.com,,,
841b15f0-3cbb-4846-994a-236ea0e87b28,refundable.holiday,available,9.99,,high,low,10,name.com,,,
23ede0f9-6ac3-4fb4-bc5b-f42763c27623,upstage.holiday,available,9.99,83.99,high,low,7,name.com,,,
7b4e1a3f-9c87-4a63-adb7-84774e5beeaf,abuse.holiday,available,64.99,64.99,high,low,5,namesilo,,,08/09/2026 12:39
4739ce22-2a08-46f8-8005-9d8fc4dd1c73,diminutive.holiday,available,9.99,83.99,high,low,10,name.com,,,08/08/2026 14:10